id,bucket_min,bucket_max,credit_score,trades_count,student_loan_debt_amount,bank_revolving_trades_count,accounts_in_collections_count,bankruptcy_claim_count,latest_bankruptcy_date,total_collections_amount,medical_collections_amount,student_loan_collections_amount,oldest_collections_account_date,latest_landlord_case_date,inquiry_count,eviction_count,latest_eviction_date,student_loan_collections_account_count,medical_collections_account_count,landlord_case_count,landlord_case_total_amount,utilities_case_count,utilities_case_total_amount,other_collections_amount,oldest_collections_account_in_weeks,weeks_since_bankruptcy,weeks_since_latest_landlord_case,weeks_since_latest_eviction
0.0,100.0,100.0,414.0,,,,0.0,0.0,,0.0,0.0,,,2019-07-01,,,,,0.0,1.0,358.0,1.0,182.0,0.0,,,39.0,
1.0,100.0,100.0,,,,,,,,,,,,,,,,,,,,,,,,,,
2.0,100.0,100.0,,,,,,,,,,,,,,,,,,,,,,,,,,
3.0,100.0,100.0,550.0,1.0,0.0,0.0,2.0,0.0,,1496.0,1180.0,,2019-12-03,,1.0,1.0,2010-08-17,,,0.0,,,,-1496.0,16.0,,,501.0
4.0,100.0,100.0,601.0,3.0,,2.0,3.0,,,0.0,0.0,,2017-04-23,2014-02-20,1.0,,,,3.0,3.0,3135.0,,,0.0,153.0,,318.0,
5.0,100.0,100.0,504.0,,,,0.0,0.0,,0.0,0.0,,,,,,,,,0.0,0.0,,,0.0,,,,
6.0,100.0,100.0,,,,,,,,,,,,,,,,,,,,,,,,,,
7.0,100.0,100.0,515.0,,,,1.0,0.0,,229.0,0.0,,,2019-08-21,,,,,0.0,4.0,4056.0,1.0,124.0,-229.0,,,31.0,
8.0,100.0,100.0,520.0,,,,0.0,0.0,,0.0,1372.0,,,,,,,,,0.0,0.0,,,0.0,,,,
9.0,100.0,100.0,,,,,,,,,,,,,,,,,,,,,,,,,,
10.0,100.0,100.0,541.0,1.0,0.0,0.0,1.0,0.0,,166.0,,,2019-03-26,2017-08-18,0.0,0.0,,,,5.0,,,,-166.0,52.0,,136.0,
11.0,100.0,100.0,,,,,,,,,,,,,,,,,,,,,,,,,,
12.0,100.0,100.0,0.0,,,,2.0,0.0,,1121.0,0.0,,,,,,,,,0.0,0.0,,,-1121.0,,,,
13.0,100.0,100.0,589.0,,,,0.0,0.0,,0.0,0.0,,,,,,,,0.0,0.0,0.0,1.0,574.0,0.0,,,,
14.0,100.0,100.0,,,,,,,,,,,,,,,,,,,,,,,,,,
15.0,100.0,100.0,,,,,,,,,,,,,,,,,,,,,,,,,,
16.0,100.0,100.0,545.0,9.0,26962.0,0.0,2.0,0.0,,964.0,,,2017-02-06,,4.0,2.0,2016-10-11,,,0.0,,,,-964.0,163.0,,,180.0
17.0,100.0,100.0,,,,,,,,,,,,,,,,,,,,,,,,,,
18.0,100.0,100.0,553.0,,,,0.0,0.0,,0.0,231.0,,,2018-08-03,,,,,2.0,2.0,20938.0,1.0,72.0,0.0,,,86.0,
19.0,100.0,100.0,593.0,7.0,0.0,3.0,0.0,,,0.0,,,,,22.0,,,,,0.0,0.0,,,0.0,,,,
20.0,100.0,100.0,,,,,,,,,,,,,,,,,,,,,,,,,,
21.0,100.0,100.0,,,,,,,,,,,,,,,,,,,,,,,,,,
22.0,100.0,100.0,,,,,,,,,,,,,,,,,,,,,,,,,,
23.0,100.0,100.0,559.0,7.0,0.0,6.0,0.0,0.0,,0.0,0.0,0.0,,,0.0,0.0,,0.0,0.0,0.0,0.0,0.0,0.0,0.0,,,,
24.0,100.0,100.0,,,,,,,,,,,,,,,,,,,,,,,,,,
25.0,100.0,100.0,625.0,,,,0.0,1.0,2012-04-27,0.0,0.0,,,,,,,,0.0,0.0,0.0,0.0,0.0,0.0,,413.0,,
26.0,100.0,100.0,,,,,,,,,,,,,,,,,,,,,,,,,,
27.0,100.0,100.0,494.0,3.0,27702.0,1.0,2.0,,,0.0,0.0,0.0,,,1.0,0.0,,,,,,,,0.0,,,,
28.0,100.0,100.0,528.0,0.0,0.0,0.0,9.0,0.0,,11249.0,,,2013-01-22,2014-09-15,0.0,1.0,,,,1.0,,,,-11249.0,374.0,,288.0,
29.0,100.0,100.0,,,,,,,,,,,,,,,,,,,,,,,,,,
30.0,100.0,100.0,601.0,,,,0.0,0.0,,0.0,0.0,,,,,,,,0.0,0.0,0.0,0.0,0.0,0.0,,,,
31.0,100.0,100.0,0.0,,,,0.0,0.0,,0.0,0.0,,,2013-07-12,,,,,,0.0,0.0,,,0.0,,,350.0,
32.0,100.0,100.0,0.0,,,,0.0,0.0,,0.0,0.0,,,,,,,,0.0,0.0,0.0,0.0,0.0,0.0,,,,
33.0,100.0,100.0,557.0,,,,2.0,0.0,,640.0,1670.0,,,,,,,,4.0,0.0,0.0,1.0,220.0,-640.0,,,,
34.0,100.0,100.0,,,,,,,,,,,,,,,,,,,,,,,,,,
35.0,100.0,100.0,453.0,1.0,4468.0,0.0,8.0,0.0,,8283.0,308.0,,2016-11-04,,1.0,0.0,,,,,,,,-8283.0,177.0,,,
36.0,100.0,100.0,,,,,,,,,,,,,,,,,,,,,,,,,,
37.0,100.0,100.0,,,,,,,,,,,,,,,,,,,,,,,,,,
38.0,100.0,100.0,568.0,5.0,,2.0,3.0,,,794.0,392.0,,,,2.0,,,,2.0,0.0,0.0,,,-794.0,,,,
39.0,100.0,100.0,640.0,11.0,1.0,1.0,1.0,0.0,,0.0,0.0,721.0,2019-12-05,,0.0,0.0,,1.0,0.0,0.0,0.0,1.0,377.0,0.0,16.0,,,
40.0,100.0,100.0,,,,,,,,,,,,,,,,,,,,,,,,,,
41.0,100.0,100.0,541.0,9.0,0.0,3.0,0.0,0.0,,0.0,0.0,0.0,,2020-01-24,19.0,0.0,,0.0,0.0,1.0,2739.0,0.0,0.0,0.0,,,9.0,
42.0,100.0,100.0,0.0,0.0,0.0,0.0,0.0,0.0,,0.0,0.0,0.0,,,0.0,0.0,,0.0,0.0,0.0,0.0,0.0,0.0,0.0,,,,
43.0,100.0,100.0,,,,,,,,,,,,,,,,,,,,,,,,,,
44.0,100.0,100.0,,,,,,,,,,,,,,,,,,,,,,,,,,
45.0,100.0,100.0,,2.0,3879.0,0.0,6.0,0.0,,3897.0,3157.0,,2014-05-01,,1.0,0.0,,,,,,,,-3897.0,308.0,,,
46.0,100.0,100.0,,,,,,,,,,,,,,,,,,,,,,,,,,
47.0,100.0,100.0,508.0,3.0,0.0,1.0,0.0,0.0,,0.0,0.0,0.0,,2020-01-03,3.0,0.0,,0.0,0.0,2.0,1012.0,0.0,0.0,0.0,,,12.0,
48.0,100.0,100.0,530.0,37.0,,1.0,3.0,,,2445.0,1786.0,,,,5.0,,,,1.0,0.0,0.0,,,-2445.0,,,,
49.0,100.0,100.0,585.0,,,,0.0,1.0,2014-07-10,0.0,0.0,,,2017-11-20,,,,,0.0,5.0,3175.0,0.0,0.0,0.0,,298.0,122.0,
50.0,100.0,100.0,,,,,,,,,,,,,,,,,,,,,,,,,,
51.0,100.0,100.0,,,,,,,,,,,,,,,,,,,,,,,,,,
52.0,100.0,100.0,585.0,1.0,,1.0,1.0,0.0,,191.0,0.0,0.0,2017-08-28,,6.0,0.0,,,0.0,0.0,0.0,0.0,0.0,-191.0,134.0,,,
53.0,100.0,100.0,562.0,17.0,92675.0,2.0,3.0,0.0,,7085.0,,,2017-04-13,2010-06-28,10.0,3.0,2015-06-10,,,1.0,,,,-7085.0,154.0,,508.0,250.0
54.0,100.0,100.0,679.0,,,,0.0,0.0,,0.0,0.0,,,2012-10-16,,,,,0.0,1.0,11435.0,0.0,0.0,0.0,,,388.0,
55.0,100.0,100.0,,,,,,,,,,,,,,,,,,,,,,,,,,
56.0,100.0,100.0,550.0,1.0,0.0,0.0,15.0,0.0,,46622.0,193.0,38001.0,2013-09-16,,1.0,0.0,,,,0.0,,,,-46622.0,340.0,,,
57.0,100.0,100.0,583.0,5.0,86834.0,2.0,3.0,,,2476.0,0.0,0.0,,2013-05-24,7.0,0.0,,,,1.0,,,,-2476.0,,,357.0,
58.0,100.0,100.0,563.0,7.0,,1.0,4.0,,,2396.0,1860.0,,2018-08-15,,1.0,,,,3.0,0.0,0.0,,,-2396.0,84.0,,,
59.0,100.0,100.0,,,,,,,,,,,,,,,,,,,,,,,,,,
60.0,100.0,100.0,449.0,10.0,0.0,3.0,1.0,0.0,,2566.0,300.0,0.0,2020-02-02,,3.0,0.0,,0.0,1.0,0.0,0.0,0.0,0.0,-2566.0,8.0,,,
61.0,100.0,100.0,576.0,,,,0.0,0.0,,0.0,0.0,,,2015-02-11,,,,,0.0,5.0,0.0,1.0,467.0,0.0,,,267.0,
62.0,100.0,100.0,606.0,0.0,0.0,0.0,5.0,0.0,,10788.0,466.0,7083.0,2014-03-21,,0.0,0.0,,,,,,,,-10788.0,314.0,,,
63.0,100.0,100.0,0.0,,,,0.0,0.0,,0.0,0.0,,,,,,,,0.0,0.0,0.0,0.0,0.0,0.0,,,,
64.0,100.0,100.0,510.0,,,,0.0,0.0,,0.0,0.0,,,2017-01-19,,,,,0.0,5.0,8771.0,0.0,0.0,0.0,,,166.0,
65.0,100.0,100.0,607.0,,,,0.0,0.0,,0.0,0.0,,,,,,,,0.0,0.0,0.0,0.0,0.0,0.0,,,,
66.0,100.0,100.0,,,,,,,,,,,,,,,,,,,,,,,,,,
67.0,100.0,100.0,478.0,19.0,1.0,5.0,0.0,,,0.0,225.0,4757.0,,,33.0,0.0,,1.0,3.0,0.0,0.0,0.0,0.0,0.0,,,,
68.0,100.0,100.0,,,,,,,,,,,,,,,,,,,,,,,,,,
69.0,100.0,100.0,525.0,,,,0.0,0.0,,0.0,1293.0,,,,,,,,1.0,0.0,0.0,0.0,0.0,0.0,,,,
70.0,100.0,100.0,,,,,,,,,,,,,,,,,,,,,,,,,,
71.0,100.0,100.0,489.0,6.0,0.0,2.0,11.0,,,28191.0,0.0,28191.0,,,54.0,0.0,,,,,,,,-28191.0,,,,
72.0,100.0,100.0,579.0,15.0,0.0,0.0,0.0,0.0,,0.0,0.0,0.0,2017-02-21,,0.0,0.0,,0.0,0.0,0.0,0.0,3.0,3741.0,0.0,161.0,,,
73.0,100.0,100.0,539.0,67.0,,3.0,0.0,,,0.0,0.0,0.0,,,14.0,,,0.0,0.0,0.0,0.0,,,0.0,,,,
74.0,100.0,100.0,0.0,,,,0.0,0.0,,0.0,0.0,,,,,,,,0.0,0.0,0.0,1.0,1151.0,0.0,,,,
75.0,100.0,100.0,544.0,7.0,0.0,1.0,0.0,0.0,,0.0,0.0,0.0,,2018-09-25,10.0,0.0,,0.0,0.0,3.0,930.0,0.0,0.0,0.0,,,78.0,
76.0,100.0,100.0,,,,,,,,,,,,,,,,,,,,,,,,,,
77.0,100.0,100.0,544.0,0.0,0.0,0.0,9.0,0.0,,14768.0,3725.0,11043.0,2014-10-31,,0.0,0.0,,,,,,,,-14768.0,282.0,,,
78.0,100.0,100.0,0.0,,,,0.0,0.0,,0.0,0.0,,,,,,,,0.0,0.0,0.0,0.0,0.0,0.0,,,,
79.0,100.0,100.0,,,,,,,,,,,,,,,,,,,,,,,,,,
80.0,100.0,100.0,,,,,,,,,,,,,,,,,,,,,,,,,,
81.0,100.0,100.0,0.0,,,,0.0,0.0,,0.0,0.0,,,2018-01-24,,,,,0.0,2.0,0.0,0.0,0.0,0.0,,,113.0,
82.0,100.0,100.0,,0.0,0.0,0.0,1.0,0.0,,957.0,,,2014-05-25,,1.0,0.0,,,,,,,,-957.0,304.0,,,
83.0,100.0,100.0,0.0,1.0,0.0,0.0,0.0,0.0,,0.0,0.0,0.0,,2011-03-03,2.0,0.0,,0.0,0.0,1.0,2469.0,1.0,339.0,0.0,,,473.0,
84.0,100.0,100.0,,,,,,,,,,,,,,,,,,,,,,,,,,
85.0,100.0,100.0,603.0,5.0,3050.0,2.0,2.0,0.0,,4459.0,,,2014-07-31,,6.0,0.0,,,,,,,,-4459.0,295.0,,,
86.0,100.0,100.0,643.0,,,,1.0,0.0,,260.0,0.0,,,,,,,,0.0,0.0,0.0,0.0,0.0,-260.0,,,,
87.0,100.0,100.0,590.0,5.0,0.0,0.0,0.0,0.0,,0.0,0.0,0.0,,2019-12-02,0.0,0.0,,0.0,0.0,1.0,961.0,0.0,0.0,0.0,,,17.0,
88.0,100.0,100.0,,,,,,,,,,,,,,,,,,,,,,,,,,
89.0,100.0,100.0,508.0,0.0,0.0,0.0,4.0,0.0,,4261.0,,3099.0,2016-02-29,,3.0,0.0,,,,,,,,-4261.0,212.0,,,
90.0,100.0,100.0,725.0,,,,0.0,0.0,,0.0,0.0,,,,,,,,0.0,0.0,0.0,0.0,0.0,0.0,,,,
91.0,100.0,100.0,0.0,,,,0.0,0.0,,0.0,0.0,,,,,,,,0.0,0.0,0.0,0.0,0.0,0.0,,,,
92.0,100.0,100.0,,,,,,,,,,,,,,,,,,,,,,,,,,
93.0,100.0,100.0,610.0,,,,0.0,0.0,,0.0,0.0,,,2015-10-26,,,,,,5.0,5674.0,0.0,0.0,0.0,,,230.0,
94.0,100.0,100.0,560.0,2.0,0.0,0.0,0.0,0.0,,0.0,,,,,0.0,0.0,,,,,,,,0.0,,,,
95.0,100.0,100.0,0.0,0.0,0.0,0.0,0.0,0.0,,0.0,0.0,0.0,,,0.0,0.0,,0.0,0.0,0.0,0.0,0.0,0.0,0.0,,,,
96.0,100.0,100.0,462.0,,,,1.0,0.0,,351.0,58.0,,,2019-09-04,,,,,1.0,5.0,23826.0,1.0,500.0,-351.0,,,29.0,
97.0,100.0,100.0,605.0,15.0,,3.0,0.0,1.0,2019-01-10,0.0,,,,,5.0,,,,,0.0,0.0,,,0.0,,63.0,,
98.0,100.0,100.0,,,,,,,,,,,,,,,,,,,,,,,,,,
99.0,100.0,100.0,,,,,,,,,,,,,,,,,,,,,,,,,,
100.0,100.0,100.0,0.0,,,,0.0,0.0,,0.0,0.0,,,,,,,,0.0,0.0,0.0,0.0,0.0,0.0,,,,
101.0,100.0,100.0,0.0,2.0,0.0,0.0,0.0,0.0,,0.0,3044.0,0.0,,,0.0,0.0,,0.0,3.0,0.0,0.0,0.0,0.0,0.0,,,,
102.0,100.0,100.0,,,,,,,,,,,,,,,,,,,,,,,,,,
103.0,100.0,100.0,,,,,,,,,,,,,,,,,,,,,,,,,,
104.0,100.0,100.0,511.0,,,,0.0,0.0,,0.0,0.0,,,2018-11-28,,,,,0.0,2.0,422.0,1.0,1047.0,0.0,,,69.0,
105.0,100.0,100.0,563.0,,,,2.0,0.0,,811.0,0.0,,,,,,,,,0.0,0.0,,,-811.0,,,,
106.0,100.0,100.0,0.0,0.0,0.0,0.0,0.0,0.0,,0.0,0.0,0.0,,,0.0,0.0,,0.0,0.0,0.0,0.0,0.0,0.0,0.0,,,,
107.0,100.0,100.0,521.0,0.0,0.0,0.0,5.0,0.0,,5626.0,5308.0,,2014-09-05,,1.0,0.0,,,,,,,,-5626.0,290.0,,,
108.0,100.0,100.0,,,,,,,,,,,,,,,,,,,,,,,,,,
109.0,100.0,100.0,,,,,,,,,,,,,,,,,,,,,,,,,,
110.0,100.0,100.0,551.0,7.0,0.0,3.0,0.0,0.0,,0.0,692.0,0.0,,,8.0,0.0,,0.0,2.0,0.0,0.0,0.0,0.0,0.0,,,,
111.0,100.0,100.0,577.0,,,,0.0,0.0,,0.0,0.0,,,,,,,,0.0,0.0,0.0,0.0,0.0,0.0,,,,
112.0,100.0,100.0,518.0,15.0,0.0,1.0,4.0,0.0,,1735.0,365.0,0.0,2013-10-16,2020-01-21,2.0,0.0,,0.0,1.0,0.0,0.0,1.0,421.0,-1735.0,336.0,,9.0,
113.0,100.0,100.0,,,,,,,,,,,,,,,,,,,,,,,,,,
114.0,100.0,100.0,0.0,0.0,,0.0,0.0,,,0.0,,,,,2.0,,,,,0.0,0.0,,,0.0,,,,
115.0,100.0,100.0,,,,,,,,,,,,,,,,,,,,,,,,,,
116.0,100.0,100.0,,6.0,0.0,0.0,8.0,0.0,,7948.0,811.0,,2013-06-28,,1.0,1.0,2018-01-25,,,0.0,,,,-7948.0,352.0,,,113.0
117.0,100.0,100.0,554.0,1.0,0.0,0.0,0.0,,,0.0,0.0,0.0,,,15.0,0.0,,,,,,,,0.0,,,,
118.0,100.0,100.0,,,,,,,,,,,,,,,,,,,,,,,,,,
119.0,100.0,100.0,,,,,,,,,,,,,0.0,0.0,,,,,,,,,,,,
120.0,100.0,100.0,,,,,,,,,,,,,,,,,,,,,,,,,,
121.0,100.0,100.0,503.0,,,,0.0,0.0,,0.0,0.0,,,,,,,,,0.0,0.0,,,0.0,,,,
122.0,100.0,100.0,,,,,,,,,,,,,,,,,,,,,,,,,,
123.0,100.0,100.0,608.0,28.0,,0.0,7.0,,,7.0,,,2018-03-19,2014-03-18,3.0,,,,0.0,4.0,0.0,,,-7.0,105.0,,314.0,
124.0,100.0,100.0,,,,,,,,,,,,,,,,,,,,,,,,,,
125.0,100.0,100.0,,,,,,,,,,,,,,,,,,,,,,,,,,
126.0,100.0,100.0,,,,,,,,,,,,,,0.0,,,,,,,,,,,,
127.0,100.0,100.0,,,,,,,,,,,,,,,,,,,,,,,,,,
128.0,100.0,100.0,,0.0,0.0,0.0,1.0,0.0,,755.0,755.0,,2014-10-02,,1.0,0.0,,,,,,,,-755.0,286.0,,,
129.0,100.0,100.0,704.0,,,,0.0,0.0,,0.0,0.0,,,,,,,,0.0,0.0,0.0,0.0,0.0,0.0,,,,
130.0,100.0,100.0,650.0,1.0,0.0,1.0,1.0,0.0,,56785.0,,56785.0,,,2.0,0.0,,,,0.0,,,,-56785.0,,,,
131.0,100.0,100.0,681.0,6.0,0.0,5.0,0.0,0.0,,0.0,,,,,1.0,0.0,,,,,,,,0.0,,,,
132.0,100.0,100.0,567.0,74.0,0.0,0.0,0.0,1.0,2019-07-23,0.0,0.0,0.0,,2018-10-10,10.0,0.0,,0.0,0.0,0.0,4353.0,0.0,0.0,0.0,,35.0,76.0,
133.0,100.0,100.0,,,,,,,,,,,,,,,,,,,,,,,,,,
134.0,100.0,100.0,,,,,,,,,,,,,,,,,,,,,,,,,,
135.0,100.0,100.0,527.0,,,,0.0,0.0,,0.0,0.0,,,2018-06-27,,,,,0.0,2.0,2004.0,2.0,611.0,0.0,,,91.0,
136.0,100.0,100.0,,,,,,,,,,,,,,,,,,,,,,,,,,
137.0,100.0,100.0,569.0,31.0,,3.0,4.0,0.0,,2048.0,1842.0,,2017-01-20,2014-08-12,15.0,0.0,,,3.0,1.0,1.0,1.0,206.0,-2048.0,166.0,,293.0,
138.0,100.0,100.0,,,,,,,,,,,,,,,,,,,,,,,,,,
139.0,100.0,100.0,,,,,,,,,,,,,,,,,,,,,,,,,,
140.0,100.0,100.0,522.0,0.0,0.0,0.0,6.0,0.0,,2333.0,2333.0,,2018-06-18,,1.0,0.0,,,,,,,,-2333.0,93.0,,,
141.0,100.0,100.0,578.0,12.0,0.0,1.0,0.0,0.0,,0.0,0.0,0.0,,2015-03-31,2.0,0.0,,0.0,0.0,2.0,0.0,0.0,0.0,0.0,,,260.0,
142.0,100.0,100.0,,,,,,,,,,,,,,,,,,,,,,,,,,
143.0,100.0,100.0,,,,,,,,,,,,,,,,,,,,,,,,,,
144.0,100.0,100.0,468.0,1.0,0.0,0.0,0.0,0.0,,0.0,0.0,0.0,,,5.0,0.0,,0.0,0.0,0.0,0.0,1.0,303.0,0.0,,,,
145.0,100.0,100.0,,,,,,,,,,,,,,,,,,,,,,,,,,
146.0,100.0,100.0,,0.0,0.0,0.0,3.0,0.0,,522.0,300.0,,2018-07-27,,0.0,0.0,,,,,,,,-522.0,87.0,,,
147.0,100.0,100.0,,,,,,,,,,,,,,,,,,,,,,,,,,
148.0,100.0,100.0,603.0,0.0,0.0,0.0,1.0,0.0,,177.0,177.0,,2018-11-21,,5.0,0.0,,,,,,,,-177.0,70.0,,,
149.0,100.0,100.0,,,,,,,,,,,,,,,,,,,,,,,,,,
150.0,100.0,100.0,,,,,,,,,,,,,,,,,,,,,,,,,,
151.0,100.0,100.0,0.0,,,,0.0,0.0,,0.0,0.0,,,,,,,,,0.0,0.0,,,0.0,,,,
152.0,100.0,100.0,697.0,6.0,0.0,5.0,0.0,0.0,,0.0,0.0,0.0,,,1.0,,,0.0,0.0,0.0,0.0,,,0.0,,,,
153.0,100.0,100.0,526.0,21.0,,6.0,5.0,,,2422.0,2422.0,,2018-08-27,2018-01-30,16.0,0.0,,,5.0,2.0,2500.0,0.0,0.0,-2422.0,83.0,,112.0,
154.0,100.0,100.0,,0.0,0.0,0.0,15.0,0.0,,27632.0,27632.0,,2018-11-09,,0.0,0.0,,,,,,,,-27632.0,72.0,,,
155.0,100.0,100.0,719.0,2.0,0.0,2.0,0.0,0.0,,0.0,0.0,0.0,,,0.0,0.0,,0.0,0.0,0.0,0.0,0.0,0.0,0.0,,,,
156.0,100.0,100.0,571.0,,,,0.0,0.0,,0.0,0.0,,,2018-10-15,,,,,0.0,1.0,983.0,0.0,0.0,0.0,,,76.0,
157.0,100.0,100.0,637.0,17.0,,10.0,0.0,,,0.0,,,,2013-06-13,1.0,,,,,1.0,0.0,,,0.0,,,354.0,
158.0,100.0,100.0,0.0,0.0,,0.0,2.0,,,1325.0,,,2018-03-07,,1.0,,,,,0.0,0.0,,,-1325.0,107.0,,,
159.0,100.0,100.0,0.0,0.0,0.0,0.0,0.0,0.0,,0.0,0.0,0.0,,,0.0,0.0,,0.0,0.0,0.0,0.0,0.0,0.0,0.0,,,,
160.0,100.0,100.0,,,,,,,,,,,,,,,,,,,,,,,,,,
161.0,100.0,100.0,506.0,9.0,0.0,5.0,2.0,0.0,,579.0,793.0,0.0,2020-01-19,,4.0,0.0,,0.0,1.0,0.0,0.0,0.0,0.0,-579.0,10.0,,,
162.0,100.0,100.0,536.0,2.0,98448.0,0.0,2.0,0.0,,1771.0,338.0,,2016-04-13,,1.0,0.0,,,,,,,,-1771.0,206.0,,,
163.0,100.0,100.0,567.0,,,,0.0,0.0,,0.0,263.0,,,2017-09-26,,,,,1.0,1.0,715.0,0.0,0.0,0.0,,,130.0,
164.0,100.0,100.0,,,,,,,,,,,,,,,,,,,,,,,,,,
165.0,100.0,100.0,,,,,,,,,,,,,,,,,,,,,,,,,,
166.0,100.0,100.0,,,,,,,,,,,,,,,,,,,,,,,,,,
167.0,100.0,100.0,453.0,2.0,0.0,2.0,0.0,0.0,,0.0,6029.0,0.0,,,8.0,0.0,,0.0,4.0,0.0,0.0,0.0,0.0,0.0,,,,
168.0,100.0,100.0,613.0,,,,1.0,0.0,,3264.0,0.0,,,,,,,,,0.0,0.0,0.0,0.0,-3264.0,,,,
169.0,100.0,100.0,,,,,,,,,,,,,,,,,,,,,,,,,,
170.0,100.0,100.0,,,,,,,,,,,,,,,,,,,,,,,,,,
171.0,100.0,100.0,,,,,,,,,,,,,,,,,,,,,,,,,,
172.0,100.0,100.0,518.0,2.0,0.0,1.0,0.0,0.0,,0.0,,,,,1.0,0.0,,,,,,,,0.0,,,,
173.0,100.0,100.0,516.0,1.0,2000.0,0.0,13.0,0.0,,9893.0,8028.0,,2013-02-11,,1.0,0.0,,,,,,,,-9893.0,371.0,,,
174.0,100.0,100.0,486.0,9.0,0.0,0.0,2.0,0.0,,531.0,0.0,0.0,,2019-09-13,3.0,0.0,,0.0,0.0,1.0,1548.0,,,-531.0,,,28.0,
175.0,100.0,100.0,,,,,,,,,,,,,,,,,,,,,,,,,,
176.0,100.0,100.0,,,,,,,,,,,,,,,,,,,,,,,,,,
177.0,100.0,100.0,509.0,,,,0.0,0.0,,0.0,1229.0,,,2019-08-23,,,,,3.0,2.0,2372.0,1.0,239.0,0.0,,,31.0,
178.0,100.0,100.0,591.0,2.0,0.0,0.0,8.0,0.0,,5703.0,5703.0,,2015-07-28,,5.0,0.0,,,,,,,,-5703.0,243.0,,,
179.0,100.0,100.0,789.0,2.0,0.0,1.0,0.0,0.0,,0.0,,,,,1.0,0.0,,,,,,,,0.0,,,,
180.0,100.0,100.0,,,,,,,,,,,,,,,,,,,,,,,,,,
181.0,100.0,100.0,,,,,,,,,,,,,,,,,,,,,,,,,,
182.0,100.0,100.0,631.0,4.0,,2.0,1.0,,,0.0,0.0,,,,4.0,,,,1.0,0.0,0.0,,,0.0,,,,
183.0,100.0,100.0,455.0,,,,0.0,0.0,,0.0,1548.0,,,,,,,,4.0,0.0,0.0,2.0,848.0,0.0,,,,
184.0,100.0,100.0,508.0,3.0,2023.0,0.0,0.0,0.0,,3042.0,,,2016-10-18,,2.0,0.0,,,,,,,,-3042.0,179.0,,,
185.0,100.0,100.0,,,,,,,,,,,,,,,,,,,,,,,,,,
186.0,100.0,100.0,,,,,,,,,,,,,,,,,,,,,,,,,,
187.0,100.0,100.0,572.0,2.0,6330.0,0.0,2.0,0.0,,554.0,554.0,,2014-08-19,,0.0,0.0,,,,,,,,-554.0,292.0,,,
188.0,100.0,100.0,,,,,,,,,,,,,,,,,,,,,,,,,,
189.0,100.0,100.0,533.0,,,,0.0,0.0,,0.0,0.0,,,,,,,,,0.0,0.0,,,0.0,,,,
190.0,100.0,100.0,,,,,,,,,,,,,,,,,,,,,,,,,,
191.0,100.0,100.0,0.0,1.0,,1.0,0.0,,,0.0,,,,,3.0,,,,,0.0,0.0,,,0.0,,,,
192.0,100.0,100.0,,,,,,,,,,,,,,,,,,,,,,,,,,
193.0,100.0,100.0,762.0,2.0,0.0,2.0,0.0,0.0,,0.0,0.0,0.0,,,0.0,0.0,,0.0,0.0,0.0,0.0,0.0,0.0,0.0,,,,
194.0,100.0,100.0,666.0,3.0,5477.0,2.0,1.0,0.0,,3521.0,,,2018-06-26,,2.0,0.0,,,,,,,,-3521.0,91.0,,,
195.0,100.0,100.0,,,,,,,,,,,,,,,,,,,,,,,,,,
196.0,100.0,100.0,,,,,,,,,,,,,,,,,,,,,,,,,,
197.0,100.0,100.0,541.0,4.0,,1.0,0.0,,,0.0,0.0,0.0,,,16.0,,,,0.0,0.0,0.0,,,0.0,,,,
198.0,100.0,100.0,0.0,6.0,0.0,6.0,0.0,0.0,,0.0,0.0,0.0,,,0.0,0.0,,0.0,0.0,0.0,0.0,0.0,0.0,0.0,,,,
199.0,100.0,100.0,,,,,,,,,,,,,,,,,,,,,,,,,,
200.0,100.0,100.0,512.0,22.0,,3.0,2.0,,,408.0,,,2014-05-04,,4.0,,,,,0.0,0.0,,,-408.0,307.0,,,
201.0,100.0,100.0,517.0,,,,0.0,0.0,,0.0,5398.0,,,2014-06-13,,,,,,4.0,393.0,0.0,0.0,0.0,,,302.0,
202.0,100.0,100.0,604.0,3.0,,0.0,0.0,,,0.0,,,,,0.0,,,,,1.0,926.0,,,0.0,,,,
203.0,100.0,100.0,551.0,1.0,0.0,0.0,1.0,,,1967.0,0.0,0.0,2018-12-18,,4.0,0.0,,,,,,,,-1967.0,66.0,,,
204.0,100.0,100.0,494.0,,,,1.0,0.0,,9879.0,0.0,,,,,,,,0.0,0.0,0.0,0.0,0.0,-9879.0,,,,
205.0,100.0,100.0,,,,,,,,,,,,,,,,,,,,,,,,,,
206.0,100.0,100.0,,,,,,,,,,,,,,,,,,,,,,,,,,
207.0,100.0,100.0,580.0,,,,0.0,0.0,,0.0,610.0,,,,,,,,1.0,0.0,0.0,0.0,0.0,0.0,,,,
208.0,100.0,100.0,,0.0,0.0,0.0,1.0,0.0,,149.0,,,2017-08-09,,0.0,0.0,,,,0.0,,,,-149.0,137.0,,,
209.0,100.0,100.0,619.0,3.0,0.0,2.0,0.0,0.0,,0.0,0.0,0.0,,2016-02-02,18.0,0.0,,0.0,0.0,1.0,675.0,,,0.0,,,216.0,
210.0,100.0,100.0,486.0,,,,0.0,0.0,,0.0,0.0,,,,,,,,0.0,0.0,0.0,1.0,400.0,0.0,,,,
211.0,100.0,100.0,498.0,1.0,0.0,0.0,6.0,0.0,,3408.0,830.0,,2015-02-16,,1.0,0.0,,,,,,,,-3408.0,266.0,,,
212.0,100.0,100.0,,,,,,,,,,,,,,,,,,,,,,,,,,
213.0,100.0,100.0,629.0,,,,0.0,0.0,,0.0,0.0,,,2019-08-29,,,,,0.0,1.0,0.0,1.0,227.0,0.0,,,30.0,
214.0,100.0,100.0,,,,,,,,,,,,,,,,,,,,,,,,,,
215.0,100.0,100.0,,,,,,,,,,,,,,,,,,,,,,,,,,
216.0,100.0,100.0,,,,,,,,,,,,,,,,,,,,,,,,,,
217.0,100.0,100.0,483.0,1.0,0.0,0.0,2.0,0.0,,1154.0,,,2016-12-20,,4.0,0.0,,,,,,,,-1154.0,170.0,,,
218.0,100.0,100.0,,,,,,,,,,,,,,0.0,,,,,,,,,,,,
219.0,100.0,100.0,589.0,5.0,86609.0,1.0,2.0,0.0,,543.0,543.0,,2014-08-28,,4.0,0.0,,,,,,,,-543.0,291.0,,,
220.0,100.0,100.0,,,,,,,,,,,,,,,,,,,,,,,,,,
221.0,100.0,100.0,569.0,2.0,,1.0,1.0,,,73.0,,,2018-06-14,,2.0,,,,,0.0,0.0,,,-73.0,93.0,,,
222.0,100.0,100.0,487.0,,,,0.0,0.0,,0.0,0.0,,,2018-09-24,,,,,0.0,1.0,0.0,0.0,0.0,0.0,,,79.0,
223.0,100.0,100.0,555.0,4.0,1.0,0.0,0.0,0.0,,0.0,3189.0,553.0,,2019-11-22,1.0,0.0,,1.0,6.0,2.0,3199.0,0.0,0.0,0.0,,,18.0,
224.0,100.0,100.0,,,,,,,,,,,,,,,,,,,,,,,,,,
225.0,100.0,100.0,,,,,,,,,,,,,,,,,,,,,,,,,,
226.0,100.0,100.0,,1.0,0.0,0.0,0.0,0.0,,0.0,,,,,1.0,1.0,2014-01-21,,,0.0,,,,0.0,,,,322.0
227.0,100.0,100.0,589.0,0.0,0.0,0.0,1.0,0.0,,381.0,,,2015-12-16,,2.0,0.0,,,,,,,,-381.0,223.0,,,
228.0,100.0,100.0,,,,,,,,,,,,,,,,,,,,,,,,,,
229.0,100.0,100.0,598.0,,,,0.0,0.0,,0.0,0.0,,,2019-09-13,,,,,0.0,1.0,5452.0,0.0,0.0,0.0,,,28.0,
230.0,100.0,100.0,,,,,,,,,,,,,,,,,,,,,,,,,,
231.0,100.0,100.0,,,,,,,,,,,,,,,,,,,,,,,,,,
232.0,100.0,100.0,,0.0,0.0,0.0,1.0,0.0,,208.0,208.0,,2019-02-19,,1.0,0.0,,,,,,,,-208.0,57.0,,,
233.0,100.0,100.0,,,,,,,,,,,,,,,,,,,,,,,,,,
234.0,100.0,100.0,,,,,,,,,,,,,,,,,,,,,,,,,,
235.0,100.0,100.0,592.0,,,,0.0,0.0,,0.0,516.0,,,,,,,,2.0,0.0,0.0,1.0,202.0,0.0,,,,
236.0,100.0,100.0,,,,,,,,,,,,,,,,,,,,,,,,,,
237.0,100.0,100.0,,,,,,,,,,,,,,,,,,,,,,,,,,
238.0,100.0,100.0,,,,,,,,,,,,,,,,,,,,,,,,,,
239.0,100.0,100.0,0.0,0.0,,0.0,4.0,,,1594.0,1029.0,,2016-12-08,,1.0,,,,3.0,0.0,0.0,,,-1594.0,172.0,,,
240.0,100.0,100.0,603.0,,,,0.0,0.0,,0.0,0.0,,,,,,,,0.0,0.0,0.0,0.0,0.0,0.0,,,,
241.0,100.0,100.0,743.0,,,,0.0,0.0,,0.0,0.0,,,,,,,,0.0,0.0,0.0,0.0,0.0,0.0,,,,
242.0,100.0,100.0,,,,,,,,,,,,,,,,,,,,,,,,,,
243.0,100.0,100.0,0.0,,,,0.0,0.0,,0.0,0.0,,,,,,,,0.0,0.0,0.0,0.0,0.0,0.0,,,,
244.0,100.0,100.0,,,,,,,,,,,,,,,,,,,,,,,,,,
245.0,100.0,100.0,,,,,,,,,,,,,,,,,,,,,,,,,,
246.0,100.0,100.0,514.0,7.0,3249.0,2.0,6.0,0.0,,12573.0,,,2017-02-02,2015-01-22,2.0,0.0,,,,1.0,,,,-12573.0,164.0,,270.0,
247.0,100.0,100.0,,,,,,,,,,,,,,,,,,,,,,,,,,
248.0,100.0,100.0,582.0,5.0,,0.0,2.0,,,1849.0,125.0,,,2014-01-14,0.0,,,,1.0,2.0,0.0,,,-1849.0,,,323.0,
249.0,100.0,100.0,,,,,,,,,,,,,,,,,,,,,,,,,,
250.0,100.0,100.0,,,,,,,,,,,,,,,,,,,,,,,,,,
251.0,100.0,100.0,0.0,,,,0.0,0.0,,0.0,0.0,,,,,,,,0.0,0.0,0.0,0.0,0.0,0.0,,,,
252.0,100.0,100.0,,,,,,,,,,,,,,,,,,,,,,,,,,
253.0,100.0,100.0,,,,,,,,,,,,,,,,,,,,,,,,,,
254.0,100.0,100.0,575.0,4.0,,2.0,7.0,,,9887.0,353.0,,2013-12-19,,0.0,,,,4.0,0.0,0.0,,,-9887.0,327.0,,,
255.0,100.0,100.0,565.0,0.0,0.0,0.0,1.0,0.0,,438.0,,,2016-07-26,,0.0,0.0,,,,,,,,-438.0,191.0,,,
256.0,100.0,100.0,0.0,1.0,0.0,0.0,1.0,0.0,,178.0,100.0,0.0,2019-11-27,2013-06-19,1.0,0.0,,0.0,1.0,1.0,0.0,0.0,0.0,-178.0,17.0,,353.0,
257.0,100.0,100.0,,,,,,,,,,,,,,,,,,,,,,,,,,
258.0,100.0,100.0,688.0,8.0,23254.0,0.0,0.0,0.0,,0.0,,,,,1.0,0.0,,,,,,,,0.0,,,,
259.0,100.0,100.0,,,,,,,,,,,,,,,,,,,,,,,,,,
260.0,100.0,100.0,532.0,3.0,29566.0,2.0,15.0,0.0,,12940.0,3672.0,,2015-04-29,,12.0,0.0,,,,,,,,-12940.0,256.0,,,
261.0,100.0,100.0,557.0,28.0,0.0,1.0,0.0,0.0,,0.0,0.0,0.0,,,5.0,0.0,,0.0,0.0,0.0,0.0,1.0,77.0,0.0,,,,
262.0,100.0,100.0,,,,,,,,,,,,,,,,,,,,,,,,,,
263.0,100.0,100.0,595.0,,,,0.0,0.0,,0.0,1797.0,,,2014-11-03,,,,,2.0,1.0,0.0,0.0,0.0,0.0,,,281.0,
264.0,100.0,100.0,,,,,,,,,,,,,,,,,,,,,,,,,,
265.0,100.0,100.0,586.0,,,,0.0,0.0,,0.0,10310.0,,,,,,,,7.0,0.0,0.0,0.0,0.0,0.0,,,,
266.0,100.0,100.0,605.0,8.0,,0.0,2.0,,,3790.0,56.0,,2013-06-25,2016-03-25,1.0,,,,1.0,2.0,1015.0,,,-3790.0,352.0,,209.0,
267.0,100.0,100.0,567.0,,,,0.0,0.0,,0.0,0.0,,,,,,,,,0.0,0.0,,,0.0,,,,
268.0,100.0,100.0,574.0,16.0,0.0,3.0,1.0,0.0,,250.0,2125.0,0.0,2019-12-06,2019-12-18,12.0,0.0,,0.0,1.0,2.0,2516.0,0.0,0.0,-250.0,16.0,,14.0,
269.0,100.0,100.0,,,,,,,,,,,,,,,,,,,,,,,,,,
270.0,100.0,100.0,450.0,6.0,12025.0,1.0,2.0,0.0,,664.0,,,2017-05-13,,1.0,0.0,,,,,,,,-664.0,150.0,,,
271.0,100.0,100.0,613.0,,,,0.0,0.0,,0.0,0.0,,,2019-10-11,,,,,0.0,1.0,1355.0,0.0,0.0,0.0,,,24.0,
272.0,100.0,100.0,546.0,2.0,0.0,1.0,3.0,0.0,,1759.0,1559.0,0.0,2019-05-03,2014-02-17,6.0,0.0,,0.0,2.0,2.0,0.0,0.0,0.0,-1759.0,47.0,,318.0,
273.0,100.0,100.0,796.0,,,,0.0,0.0,,0.0,0.0,,,,,,,,0.0,0.0,0.0,0.0,0.0,0.0,,,,
274.0,100.0,100.0,,,,,,,,,,,,,,,,,,,,,,,,,,
275.0,100.0,100.0,,,,,,,,,,,,,,,,,,,,,,,,,,
276.0,100.0,100.0,502.0,0.0,0.0,0.0,6.0,0.0,,3276.0,547.0,,2014-04-09,,4.0,0.0,,,,,,,,-3276.0,311.0,,,
277.0,100.0,100.0,580.0,17.0,,7.0,1.0,0.0,,0.0,0.0,0.0,2018-07-19,2018-05-17,9.0,,,0.0,1.0,1.0,1400.0,,,0.0,88.0,,97.0,
278.0,100.0,100.0,669.0,19.0,61930.0,3.0,0.0,0.0,,0.0,,,,,1.0,0.0,,,,,,,,0.0,,,,
279.0,100.0,100.0,660.0,,,,0.0,0.0,,0.0,0.0,,,2018-05-31,,,,,0.0,2.0,841.0,0.0,0.0,0.0,,,95.0,
280.0,100.0,100.0,490.0,21.0,0.0,10.0,0.0,0.0,,0.0,0.0,0.0,,2018-10-21,3.0,0.0,,0.0,0.0,1.0,1624.0,0.0,0.0,0.0,,,75.0,
281.0,100.0,100.0,0.0,0.0,0.0,0.0,0.0,0.0,,0.0,0.0,0.0,,,0.0,0.0,,0.0,0.0,0.0,0.0,0.0,0.0,0.0,,,,
282.0,100.0,100.0,481.0,2.0,76273.0,1.0,9.0,0.0,,8912.0,5205.0,,2018-01-02,,2.0,0.0,,,,,,,,-8912.0,116.0,,,
283.0,100.0,100.0,561.0,,,,3.0,0.0,,1854.0,0.0,,,2018-04-25,,,,,0.0,2.0,6015.0,1.0,150.0,-1854.0,,,100.0,
284.0,100.0,100.0,618.0,4.0,,1.0,1.0,,,4932.0,,,2017-11-07,,7.0,,,,,0.0,0.0,,,-4932.0,124.0,,,
285.0,100.0,100.0,,,,,,,,,,,,,,0.0,,,,,,,,,,,,
286.0,100.0,100.0,592.0,5.0,13089.0,0.0,8.0,0.0,,7274.0,1927.0,,2013-01-08,,5.0,0.0,,,,,,,,-7274.0,376.0,,,
287.0,100.0,100.0,676.0,2.0,0.0,0.0,1.0,0.0,,797.0,797.0,0.0,,,1.0,,,0.0,1.0,0.0,0.0,,,-797.0,,,,
288.0,100.0,100.0,,,,,,,,,,,,,,,,,,,,,,,,,,
289.0,100.0,100.0,517.0,2.0,0.0,1.0,3.0,0.0,,2984.0,,736.0,2014-04-29,2014-01-22,13.0,0.0,,,,1.0,,,,-2984.0,308.0,,322.0,
290.0,100.0,100.0,,,,,,,,,,,,,,,,,,,,,,,,,,
291.0,100.0,100.0,601.0,8.0,0.0,0.0,0.0,0.0,,0.0,0.0,0.0,,,2.0,0.0,,0.0,0.0,0.0,0.0,0.0,0.0,0.0,,,,
292.0,100.0,100.0,471.0,23.0,,4.0,1.0,0.0,,753.0,,,2019-01-23,2018-05-22,14.0,,,,,2.0,7336.0,,,-753.0,61.0,,96.0,
293.0,100.0,100.0,,,,,,,,,,,,,,,,,,,,,,,,,,
294.0,100.0,100.0,523.0,5.0,9473.0,4.0,2.0,0.0,,2597.0,,,2016-12-13,,1.0,0.0,,,,,,,,-2597.0,171.0,,,
295.0,100.0,100.0,,,,,,,,,,,,,,,,,,,,,,,,,,
296.0,100.0,100.0,561.0,,,,0.0,0.0,,0.0,0.0,,,2019-09-27,,,,,0.0,3.0,3930.0,0.0,0.0,0.0,,,26.0,
297.0,100.0,100.0,564.0,0.0,0.0,0.0,3.0,0.0,,3176.0,59.0,,2014-08-21,,0.0,0.0,,,,,,,,-3176.0,292.0,,,
298.0,100.0,100.0,,,,,,,,,,,,,,,,,,,,,,,,,,
299.0,100.0,100.0,0.0,,,,0.0,0.0,,0.0,0.0,,,,,,,,0.0,0.0,0.0,0.0,0.0,0.0,,,,
300.0,100.0,100.0,,,,,,,,,,,,,,,,,,,,,,,,,,
301.0,100.0,100.0,,,,,,,,,,,,,,,,,,,,,,,,,,
302.0,100.0,100.0,0.0,,,,1.0,0.0,,759.0,2166.0,,,2013-05-30,,,,,,1.0,1350.0,,,-759.0,,,356.0,
303.0,100.0,100.0,,,,,,,,,,,,,,,,,,,,,,,,,,
304.0,100.0,100.0,555.0,0.0,,0.0,1.0,0.0,,3608.0,,,2017-02-10,2014-04-17,0.0,1.0,2011-11-11,,,1.0,,,,-3608.0,163.0,,310.0,437.0
305.0,100.0,100.0,,,,,,,,,,,,,,0.0,,,,,,,,,,,,
306.0,100.0,100.0,,,,,,,,,,,,,,,,,,,,,,,,,,
307.0,100.0,100.0,632.0,1.0,,1.0,1.0,,,0.0,,,,,2.0,0.0,,0.0,0.0,0.0,0.0,,,0.0,,,,
308.0,100.0,100.0,,,,,,,,,,,,,,,,,,,,,,,,,,
309.0,100.0,100.0,,,,,,,,,,,,,,,,,,,,,,,,,,
310.0,100.0,100.0,536.0,5.0,15432.0,0.0,3.0,0.0,,2268.0,965.0,,2017-01-20,,0.0,0.0,,,,,,,,-2268.0,166.0,,,
311.0,100.0,100.0,597.0,,,,0.0,0.0,,0.0,0.0,,,,,,,,,0.0,0.0,1.0,493.0,0.0,,,,
312.0,100.0,100.0,572.0,39.0,0.0,9.0,1.0,1.0,2014-01-18,0.0,0.0,0.0,2019-10-30,2017-10-09,4.0,0.0,,0.0,0.0,0.0,0.0,1.0,813.0,0.0,21.0,323.0,128.0,
313.0,100.0,100.0,,,,,,,,,,,,,,,,,,,,,,,,,,
314.0,100.0,100.0,,,,,,,,,,,,,,,,,,,,,,,,,,
315.0,100.0,100.0,,,,,,,,,,,,,,,,,,,,,,,,,,
316.0,100.0,100.0,748.0,12.0,0.0,9.0,0.0,0.0,,0.0,0.0,0.0,,,1.0,0.0,,0.0,0.0,0.0,0.0,0.0,0.0,0.0,,,,
317.0,100.0,100.0,530.0,3.0,69789.0,0.0,0.0,0.0,,0.0,,,,,0.0,0.0,,,,,,,,0.0,,,,
318.0,100.0,100.0,550.0,,,,1.0,0.0,,459.0,0.0,,,,,,,,0.0,0.0,0.0,0.0,0.0,-459.0,,,,
319.0,100.0,100.0,,,,,,,,,,,,,,,,,,,,,,,,,,
320.0,100.0,100.0,,,,,,,,,,,,,,,,,,,,,,,,,,
321.0,100.0,100.0,700.0,9.0,,3.0,1.0,0.0,,291.0,0.0,0.0,2018-05-02,,3.0,0.0,,0.0,0.0,0.0,0.0,0.0,0.0,-291.0,99.0,,,
322.0,100.0,100.0,632.0,1.0,0.0,1.0,0.0,0.0,,0.0,0.0,0.0,,,6.0,0.0,,0.0,0.0,0.0,0.0,0.0,0.0,0.0,,,,
323.0,100.0,100.0,,,,,,,,,,,,,,,,,,,,,,,,,,
324.0,100.0,100.0,,,,,,,,,,,,,,,,,,,,,,,,,,
325.0,100.0,100.0,,,,,,,,,,,,,,,,,,,,,,,,,,
326.0,100.0,100.0,0.0,1.0,,0.0,3.0,0.0,,838.0,0.0,0.0,2014-01-29,,0.0,0.0,,0.0,0.0,0.0,0.0,0.0,0.0,-838.0,321.0,,,
327.0,100.0,100.0,602.0,0.0,0.0,0.0,0.0,0.0,,0.0,,,,,0.0,0.0,,,,,,,,0.0,,,,
328.0,100.0,100.0,,,,,,,,,,,,,,,,,,,,,,,,,,
329.0,100.0,100.0,,,,,,,,,,,,,,,,,,,,,,,,,,
330.0,100.0,100.0,,0.0,0.0,0.0,13.0,0.0,,1823.0,1823.0,,2013-11-26,,0.0,0.0,,,,,,,,-1823.0,330.0,,,
331.0,100.0,100.0,571.0,,,,0.0,0.0,,0.0,0.0,,,,,,,,0.0,0.0,0.0,0.0,0.0,0.0,,,,
332.0,100.0,100.0,,,,,,,,,,,,,,,,,,,,,,,,,,
333.0,100.0,100.0,,,,,,,,,,,,,,,,,,,,,,,,,,
334.0,100.0,100.0,0.0,8.0,0.0,1.0,0.0,1.0,2016-05-22,0.0,30.0,0.0,,2013-07-02,1.0,0.0,,0.0,3.0,2.0,0.0,0.0,0.0,0.0,,201.0,351.0,
335.0,100.0,100.0,605.0,5.0,38452.0,2.0,1.0,0.0,,1897.0,,,2016-03-04,,0.0,4.0,2015-06-15,,,,,,,-1897.0,212.0,,,249.0
336.0,100.0,100.0,0.0,,,,0.0,0.0,,0.0,0.0,,,,,,,,0.0,0.0,0.0,1.0,234.0,0.0,,,,
337.0,100.0,100.0,729.0,,,,0.0,0.0,,0.0,0.0,,,,,,,,0.0,0.0,0.0,0.0,0.0,0.0,,,,
338.0,100.0,100.0,620.0,,,,0.0,0.0,,0.0,0.0,,,2019-08-23,,,,,0.0,1.0,3821.0,0.0,0.0,0.0,,,31.0,
339.0,100.0,100.0,,,,,,,,,,,,,,,,,,,,,,,,,,
340.0,100.0,100.0,,,,,,,,,,,,,,,,,,,,,,,,,,
341.0,100.0,100.0,480.0,,,,1.0,0.0,,217.0,829.0,,,,,,,,3.0,0.0,0.0,0.0,0.0,-217.0,,,,
342.0,100.0,100.0,,0.0,0.0,0.0,4.0,0.0,,224.0,150.0,,2016-03-30,,2.0,0.0,,,,0.0,,,,-224.0,208.0,,,
343.0,100.0,100.0,,,,,,,,,,,,,,,,,,,,,,,,,,
344.0,100.0,100.0,,,,,,,,,,,,,,,,,,,,,,,,,,
345.0,100.0,100.0,,,,,,,,,,,,,1.0,0.0,,,,,,,,,,,,
346.0,100.0,100.0,,,,,,,,,,,,,,,,,,,,,,,,,,
347.0,100.0,100.0,,,,,,,,,,,,,,,,,,,,,,,,,,
348.0,100.0,100.0,566.0,0.0,0.0,0.0,1.0,0.0,,6151.0,5990.0,161.0,2019-03-18,,0.0,0.0,,,,,,,,-6151.0,54.0,,,
349.0,100.0,100.0,0.0,,,,0.0,0.0,,0.0,0.0,,,2017-07-13,,,,,,4.0,4445.0,0.0,0.0,0.0,,,141.0,
350.0,100.0,100.0,,,,,,,,,,,,,,0.0,,,,,,,,,,,,
351.0,100.0,100.0,563.0,,,,0.0,0.0,,0.0,0.0,,,,,,,,0.0,0.0,0.0,0.0,0.0,0.0,,,,
352.0,100.0,100.0,469.0,1.0,,0.0,4.0,0.0,,2122.0,2122.0,,2015-06-03,,2.0,0.0,,,4.0,0.0,0.0,0.0,0.0,-2122.0,251.0,,,
353.0,100.0,100.0,537.0,,,,0.0,0.0,,0.0,4734.0,,,,,,,,5.0,0.0,0.0,0.0,0.0,0.0,,,,
354.0,100.0,100.0,,1.0,0.0,0.0,1.0,,,213.0,0.0,0.0,2016-04-11,,0.0,0.0,,,,0.0,,,,-213.0,206.0,,,
355.0,100.0,100.0,561.0,,,,0.0,0.0,,0.0,0.0,,,,,,,,0.0,0.0,0.0,0.0,0.0,0.0,,,,
356.0,100.0,100.0,,,,,,,,,,,,,,,,,,,,,,,,,,
357.0,100.0,100.0,550.0,,,,0.0,0.0,,0.0,0.0,,,,,,,,0.0,0.0,0.0,0.0,0.0,0.0,,,,
358.0,100.0,100.0,615.0,1.0,,0.0,2.0,,,2482.0,0.0,0.0,2016-12-02,,10.0,,,,0.0,0.0,0.0,,,-2482.0,173.0,,,
359.0,100.0,100.0,589.0,0.0,0.0,0.0,1.0,0.0,,16019.0,,161.0,2018-06-25,,0.0,0.0,,,,,,,,-16019.0,92.0,,,
360.0,100.0,100.0,,,,,,,,,,,,,,,,,,,,,,,,,,
361.0,100.0,100.0,700.0,8.0,,2.0,0.0,,,0.0,,,,,0.0,,,,,0.0,0.0,,,0.0,,,,
362.0,100.0,100.0,586.0,1.0,0.0,0.0,5.0,0.0,,3818.0,539.0,,2014-09-02,,1.0,0.0,,,,,,,,-3818.0,290.0,,,
363.0,100.0,100.0,,,,,,,,,,,,,,,,,,,,,,,,,,
364.0,100.0,100.0,0.0,1.0,,0.0,0.0,,,0.0,,,,,3.0,,,,,0.0,0.0,,,0.0,,,,
365.0,100.0,100.0,538.0,2.0,,0.0,1.0,,,4472.0,0.0,0.0,,,2.0,,,,0.0,0.0,0.0,,,-4472.0,,,,
366.0,100.0,100.0,627.0,40.0,0.0,5.0,0.0,1.0,2019-12-04,0.0,0.0,0.0,,,3.0,0.0,,0.0,0.0,0.0,0.0,0.0,0.0,0.0,,16.0,,
367.0,100.0,100.0,572.0,18.0,,5.0,1.0,,,309.0,,,2018-02-27,,3.0,,,,,0.0,0.0,,,-309.0,108.0,,,
368.0,100.0,100.0,616.0,8.0,,3.0,1.0,,,5193.0,,,,,9.0,,,,,4.0,0.0,,,-5193.0,,,,
369.0,100.0,100.0,,,,,,,,,,,,,,,,,,,,,,,,,,
370.0,100.0,100.0,546.0,,,,1.0,0.0,,1544.0,0.0,,,,,,,,0.0,0.0,0.0,0.0,0.0,-1544.0,,,,
371.0,100.0,100.0,,,,,,,,,,,,,,,,,,,,,,,,,,
372.0,100.0,100.0,,,,,,,,,,,,,,,,,,,,,,,,,,
373.0,100.0,100.0,,,,,,,,,,,,,,,,,,,,,,,,,,
374.0,100.0,100.0,571.0,,,,2.0,0.0,,1023.0,3803.0,,,,,,,,,0.0,0.0,,,-1023.0,,,,
375.0,100.0,100.0,524.0,18.0,102975.0,0.0,7.0,0.0,,13724.0,7051.0,,2015-11-05,,0.0,0.0,,,,,,,,-13724.0,229.0,,,
376.0,100.0,100.0,,,,,,,,,,,,,,,,,,,,,,,,,,
377.0,100.0,100.0,,,,,,,,,,,,,,,,,,,,,,,,,,
378.0,100.0,100.0,593.0,25.0,166908.0,5.0,0.0,0.0,,0.0,,,,,0.0,0.0,,,,,,,,0.0,,,,
379.0,100.0,100.0,,,,,,,,,,,,,,,,,,,,,,,,,,
380.0,100.0,100.0,,,,,,,,,,,,,,,,,,,,,,,,,,
381.0,100.0,100.0,,0.0,0.0,0.0,0.0,0.0,,0.0,,,,,2.0,0.0,,,,,,,,0.0,,,,
382.0,100.0,100.0,615.0,,,,0.0,0.0,,0.0,0.0,,,2017-11-28,,,,,,1.0,0.0,0.0,0.0,0.0,,,121.0,
383.0,100.0,100.0,,,,,,,,,,,,,,,,,,,,,,,,,,
384.0,100.0,100.0,544.0,5.0,33605.0,0.0,2.0,0.0,,1340.0,,,2019-01-24,,1.0,0.0,,,,,,,,-1340.0,61.0,,,
385.0,100.0,100.0,552.0,,,,0.0,0.0,,0.0,695.0,,,2016-11-30,,,,,1.0,2.0,0.0,0.0,0.0,0.0,,,173.0,
386.0,100.0,100.0,733.0,,,,0.0,0.0,,0.0,0.0,,,,,,,,0.0,0.0,0.0,0.0,0.0,0.0,,,,
387.0,100.0,100.0,499.0,6.0,0.0,1.0,0.0,0.0,,0.0,0.0,0.0,,,4.0,0.0,,0.0,0.0,0.0,0.0,0.0,0.0,0.0,,,,
388.0,100.0,100.0,508.0,,,,0.0,0.0,,0.0,916.0,,,2016-02-09,,,,,,0.0,8860.0,,,0.0,,,215.0,
389.0,100.0,100.0,,,,,,,,,,,,,,,,,,,,,,,,,,
390.0,100.0,100.0,,,,,,,,,,,,,,,,,,,,,,,,,,
391.0,100.0,100.0,,,,,,,,,,,,,,,,,,,,,,,,,,
392.0,100.0,100.0,466.0,,,,0.0,0.0,,0.0,6248.0,,,,,,,,5.0,0.0,0.0,0.0,0.0,0.0,,,,
393.0,100.0,100.0,687.0,4.0,0.0,3.0,1.0,,,68.0,68.0,,2014-07-09,,2.0,0.0,,,,,,,,-68.0,298.0,,,
394.0,100.0,100.0,,,,,,,,,,,,,,,,,,,,,,,,,,
395.0,100.0,100.0,695.0,,,,0.0,0.0,,0.0,0.0,,,2019-06-11,,,,,0.0,1.0,666.0,0.0,0.0,0.0,,,41.0,
396.0,100.0,100.0,,,,,,,,,,,,,,,,,,,,,,,,,,
397.0,100.0,100.0,536.0,,,,0.0,0.0,,0.0,1768.0,,,2014-08-01,,,,,6.0,1.0,1995.0,0.0,0.0,0.0,,,295.0,
398.0,100.0,100.0,,,,,,,,,,,,,,,,,,,,,,,,,,
399.0,100.0,100.0,0.0,2.0,,0.0,1.0,,,1808.0,0.0,0.0,,,0.0,,,,0.0,0.0,0.0,,,-1808.0,,,,
400.0,100.0,100.0,576.0,1.0,0.0,0.0,0.0,0.0,,0.0,0.0,0.0,,,2.0,0.0,,0.0,0.0,0.0,0.0,0.0,0.0,0.0,,,,
401.0,100.0,100.0,572.0,19.0,20000.0,2.0,2.0,0.0,,5892.0,,5096.0,2017-05-18,,3.0,1.0,2018-08-14,,,0.0,,,,-5892.0,149.0,,,84.0
402.0,100.0,100.0,526.0,0.0,0.0,0.0,2.0,0.0,,1516.0,193.0,,2017-04-06,,1.0,0.0,,,,,,,,-1516.0,155.0,,,
403.0,100.0,100.0,597.0,0.0,0.0,0.0,1.0,0.0,,510.0,,,,,2.0,0.0,,,,,,,,-510.0,,,,
404.0,100.0,100.0,492.0,3.0,13346.0,0.0,5.0,0.0,,3178.0,,,2013-10-11,,1.0,0.0,,,,,,,,-3178.0,337.0,,,
405.0,100.0,100.0,0.0,,,,0.0,0.0,,0.0,110.0,,,,,,,,1.0,0.0,0.0,0.0,0.0,0.0,,,,
406.0,100.0,100.0,,,,,,,,,,,,,,,,,,,,,,,,,,
407.0,100.0,100.0,698.0,1.0,8250.0,0.0,0.0,0.0,,0.0,,,,,0.0,0.0,,,,,,,,0.0,,,,
408.0,100.0,100.0,,,,,,,,,,,,,,,,,,,,,,,,,,
409.0,100.0,100.0,,,,,,,,,,,,,,,,,,,,,,,,,,
410.0,100.0,100.0,644.0,10.0,10210.0,6.0,0.0,0.0,,0.0,,,,,5.0,0.0,,,,,,,,0.0,,,,
411.0,100.0,100.0,764.0,,,,0.0,0.0,,0.0,0.0,,,,,,,,0.0,0.0,0.0,0.0,0.0,0.0,,,,
412.0,100.0,100.0,,,,,,,,,,,,,,,,,,,,,,,,,,
413.0,100.0,100.0,653.0,2.0,2724.0,0.0,0.0,0.0,,0.0,0.0,,2017-05-26,,1.0,0.0,,,0.0,0.0,0.0,0.0,0.0,0.0,148.0,,,
414.0,100.0,100.0,490.0,36.0,33000.0,11.0,4.0,0.0,,1289.0,975.0,,2017-05-15,,3.0,0.0,,,,0.0,,,,-1289.0,149.0,,,
415.0,100.0,100.0,,,,,,,,,,,,,,,,,,,,,,,,,,
416.0,100.0,100.0,656.0,,,,0.0,0.0,,0.0,200.0,,,,,,,,1.0,0.0,0.0,0.0,0.0,0.0,,,,
417.0,100.0,100.0,,,,,,,,,,,,,,,,,,,,,,,,,,
418.0,100.0,100.0,,,,,,,,,,,,,,,,,,,,,,,,,,
419.0,100.0,100.0,,,,,,,,,,,,,,,,,,,,,,,,,,
420.0,100.0,100.0,516.0,1.0,0.0,0.0,2.0,0.0,,4441.0,,,2014-05-22,,2.0,1.0,2014-03-07,,,0.0,,,,-4441.0,305.0,,,316.0
421.0,100.0,100.0,614.0,,,,0.0,0.0,,0.0,0.0,,,2019-01-03,,,,,0.0,2.0,2825.0,0.0,0.0,0.0,,,64.0,
422.0,100.0,100.0,,,,,,,,,,,,,,0.0,,,,,,,,,,,,
423.0,100.0,100.0,,,,,,,,,,,,,,,,,,,,,,,,,,
424.0,100.0,100.0,,,,,,,,,,,,,,,,,,,,,,,,,,
425.0,100.0,100.0,586.0,3.0,31388.0,0.0,0.0,,,0.0,,,,,1.0,0.0,,,,,,,,0.0,,,,
426.0,100.0,100.0,595.0,6.0,14083.0,0.0,1.0,0.0,,148.0,,,2017-05-03,,2.0,0.0,,,,,,,,-148.0,151.0,,,
427.0,100.0,100.0,,,,,,,,,,,,,,,,,,,,,,,,,,
428.0,100.0,100.0,596.0,3.0,5436.0,1.0,4.0,0.0,,1611.0,125.0,,2017-05-25,,3.0,1.0,2018-07-16,,,0.0,,,,-1611.0,148.0,,,89.0
429.0,100.0,100.0,522.0,,,,0.0,1.0,2014-02-04,0.0,0.0,,,,,,,,0.0,0.0,0.0,0.0,0.0,0.0,,320.0,,
430.0,100.0,100.0,578.0,2.0,,1.0,0.0,,,0.0,0.0,0.0,,,24.0,,,0.0,0.0,0.0,0.0,,,0.0,,,,
431.0,100.0,100.0,589.0,,,,1.0,1.0,2016-01-15,1872.0,1362.0,,,2018-10-03,,,,,2.0,1.0,0.0,1.0,198.0,-1872.0,,219.0,77.0,
432.0,100.0,100.0,559.0,31.0,0.0,0.0,0.0,0.0,,0.0,0.0,0.0,,2019-12-08,0.0,0.0,,0.0,0.0,1.0,2610.0,0.0,0.0,0.0,,,16.0,
433.0,100.0,100.0,594.0,,,,0.0,0.0,,0.0,0.0,,,,,,,,0.0,0.0,0.0,1.0,888.0,0.0,,,,
434.0,100.0,100.0,595.0,,,,0.0,0.0,,0.0,1518.0,,,,,,,,3.0,0.0,0.0,0.0,0.0,0.0,,,,
435.0,100.0,100.0,,,,,,,,,,,,,,,,,,,,,,,,,,
436.0,100.0,100.0,525.0,,,,0.0,0.0,,0.0,0.0,,,2019-08-21,,,,,0.0,1.0,530.0,0.0,0.0,0.0,,,31.0,
437.0,100.0,100.0,,,,,,,,,,,,,,,,,,,,,,,,,,
438.0,100.0,100.0,,,,,,,,,,,,,,,,,,,,,,,,,,
439.0,100.0,100.0,678.0,3.0,0.0,3.0,0.0,0.0,,0.0,0.0,0.0,,,1.0,0.0,,0.0,0.0,0.0,0.0,0.0,0.0,0.0,,,,
440.0,100.0,100.0,488.0,,,,1.0,0.0,,466.0,0.0,,,,,,,,0.0,0.0,0.0,1.0,1.0,-466.0,,,,
441.0,100.0,100.0,0.0,,,,0.0,0.0,,0.0,0.0,,,2019-07-26,,,,,0.0,2.0,5715.0,0.0,0.0,0.0,,,35.0,
442.0,100.0,100.0,,,,,,,,,,,,,,,,,,,,,,,,,,
443.0,100.0,100.0,630.0,,,,0.0,1.0,2013-10-29,0.0,689.0,,,2019-09-08,,,,,2.0,1.0,1573.0,0.0,0.0,0.0,,334.0,29.0,
444.0,100.0,100.0,0.0,,,,0.0,0.0,,0.0,0.0,,,,,,,,0.0,0.0,0.0,0.0,0.0,0.0,,,,
445.0,100.0,100.0,,,,,,,,,,,,,,,,,,,,,,,,,,
446.0,100.0,100.0,539.0,0.0,0.0,0.0,4.0,0.0,,2535.0,873.0,,2014-05-15,,2.0,0.0,,,,,,,,-2535.0,306.0,,,
447.0,100.0,100.0,,,,,,,,,,,,,,,,,,,,,,,,,,
448.0,100.0,100.0,502.0,22.0,52000.0,0.0,4.0,0.0,,4519.0,1096.0,,2016-07-20,,2.0,0.0,,,,,,,,-4519.0,192.0,,,
449.0,100.0,100.0,,,,,,,,,,,,,,,,,,,,,,,,,,
450.0,100.0,100.0,,,,,,,,,,,,,,0.0,,,,,,,,,,,,
451.0,100.0,100.0,0.0,,,,0.0,0.0,,0.0,0.0,,,,,,,,0.0,0.0,0.0,0.0,0.0,0.0,,,,
452.0,100.0,100.0,,,,,,,,,,,,,,,,,,,,,,,,,,
453.0,100.0,100.0,744.0,,,,0.0,0.0,,0.0,0.0,,,,,,,,,0.0,0.0,0.0,0.0,0.0,,,,
454.0,100.0,100.0,522.0,,,,2.0,0.0,,1689.0,137.0,,,2015-11-20,,,,,,1.0,0.0,0.0,0.0,-1689.0,,,227.0,
455.0,100.0,100.0,618.0,,,,0.0,2.0,2019-05-21,0.0,132.0,,,2019-03-08,,,,,1.0,2.0,0.0,0.0,0.0,0.0,,44.0,55.0,
456.0,100.0,100.0,,,,,,,,,,,,,,,,,,,,,,,,,,
457.0,100.0,100.0,,,,,,,,,,,,,,,,,,,,,,,,,,
458.0,100.0,100.0,,,,,,,,,,,,,,,,,,,,,,,,,,
459.0,100.0,100.0,581.0,7.0,,0.0,3.0,,,1249.0,423.0,,2015-08-18,2013-03-14,1.0,,,,2.0,1.0,1422.0,,,-1249.0,240.0,,367.0,
460.0,100.0,100.0,,,,,,,,,,,,,,,,,,,,,,,,,,
461.0,100.0,100.0,,,,,,,,,,,,,,,,,,,,,,,,,,
462.0,100.0,100.0,,0.0,0.0,0.0,1.0,0.0,,1183.0,,,2016-12-16,,0.0,0.0,,,,,,,,-1183.0,171.0,,,
463.0,100.0,100.0,,0.0,0.0,0.0,2.0,0.0,,3157.0,72.0,,2015-07-31,,0.0,0.0,,,,,,,,-3157.0,243.0,,,
464.0,100.0,100.0,,,,,,,,,,,,,,,,,,,,,,,,,,
465.0,100.0,100.0,707.0,5.0,,1.0,0.0,,,0.0,,,,,2.0,,,,,0.0,0.0,,,0.0,,,,
466.0,100.0,100.0,518.0,4.0,0.0,4.0,4.0,0.0,,1788.0,399.0,,2017-12-14,,2.0,0.0,,,,0.0,,,,-1788.0,119.0,,,
467.0,100.0,100.0,604.0,9.0,0.0,3.0,0.0,0.0,,0.0,0.0,0.0,,,2.0,0.0,,0.0,0.0,0.0,0.0,0.0,0.0,0.0,,,,
468.0,100.0,100.0,,,,,,,,,,,,,,,,,,,,,,,,,,
469.0,100.0,100.0,,,,,,,,,,,,,,,,,,,,,,,,,,
470.0,100.0,100.0,608.0,0.0,0.0,0.0,2.0,0.0,,1389.0,,,2015-10-20,2015-08-13,0.0,0.0,,,,1.0,,,,-1389.0,231.0,,241.0,
471.0,100.0,100.0,,,,,,,,,,,,,,,,,,,,,,,,,,
472.0,100.0,100.0,,,,,,,,,,,,,,,,,,,,,,,,,,
473.0,100.0,100.0,613.0,0.0,0.0,0.0,10.0,0.0,,38667.0,3396.0,35271.0,2015-02-22,,0.0,0.0,,,,,,,,-38667.0,266.0,,,
474.0,100.0,100.0,667.0,2.0,13227.0,1.0,0.0,,,0.0,0.0,,,,1.0,,,,,,,,,0.0,,,,
475.0,100.0,100.0,569.0,4.0,6607.0,1.0,3.0,0.0,,3002.0,,,2018-08-20,,2.0,0.0,,,,,,,,-3002.0,84.0,,,
476.0,100.0,100.0,,,,,,,,,,,,,,,,,,,,,,,,,,
477.0,100.0,100.0,459.0,2.0,0.0,0.0,1.0,0.0,,6955.0,6955.0,,2019-01-19,,7.0,1.0,2017-05-08,,,,,,,-6955.0,62.0,,,150.0
478.0,100.0,100.0,0.0,0.0,,0.0,1.0,,,595.0,595.0,,2018-12-21,,0.0,,,,1.0,0.0,0.0,,,-595.0,66.0,,,
479.0,100.0,100.0,591.0,4.0,0.0,2.0,0.0,0.0,,0.0,1520.0,0.0,,,5.0,0.0,,0.0,3.0,0.0,0.0,0.0,0.0,0.0,,,,
480.0,100.0,100.0,,,,,,,,,,,,,,,,,,,,,,,,,,
481.0,100.0,100.0,529.0,,,,0.0,0.0,,0.0,0.0,,,,,,,,0.0,0.0,0.0,0.0,0.0,0.0,,,,
482.0,100.0,100.0,0.0,,,,0.0,0.0,,0.0,0.0,,,,,,,,,0.0,0.0,,,0.0,,,,
483.0,100.0,100.0,,,,,,,,,,,,,,,,,,,,,,,,,,
484.0,100.0,100.0,,,,,,,,,,,,,,,,,,,,,,,,,,
485.0,100.0,100.0,645.0,2.0,,0.0,0.0,0.0,,0.0,0.0,0.0,,,0.0,,,0.0,0.0,0.0,0.0,,,0.0,,,,
486.0,100.0,100.0,538.0,,,,0.0,0.0,,0.0,40.0,,,,,,,,,0.0,0.0,0.0,0.0,0.0,,,,
487.0,100.0,100.0,557.0,8.0,,1.0,3.0,,,250.0,250.0,,2019-07-17,,2.0,,,,3.0,0.0,0.0,,,-250.0,36.0,,,
488.0,100.0,100.0,606.0,,,,0.0,0.0,,0.0,0.0,,,,,,,,0.0,0.0,0.0,0.0,0.0,0.0,,,,
489.0,100.0,100.0,563.0,,,,0.0,0.0,,0.0,0.0,,,,,,,,,0.0,0.0,,,0.0,,,,
490.0,100.0,100.0,,,,,,,,,,,,,,,,,,,,,,,,,,
491.0,100.0,100.0,516.0,21.0,,5.0,2.0,,,133.0,,,,2016-05-21,,,,,,1.0,0.0,,,-133.0,,,201.0,
492.0,100.0,100.0,,,,,,,,,,,,,,,,,,,,,,,,,,
493.0,100.0,100.0,610.0,31.0,,2.0,2.0,0.0,,3260.0,3260.0,,,2019-06-21,0.0,0.0,,,2.0,1.0,0.0,0.0,0.0,-3260.0,,,40.0,
494.0,100.0,100.0,602.0,9.0,,1.0,1.0,0.0,,524.0,524.0,0.0,2015-02-08,,2.0,0.0,,0.0,4.0,0.0,0.0,0.0,0.0,-524.0,268.0,,,
495.0,100.0,100.0,595.0,35.0,,7.0,0.0,,,0.0,0.0,0.0,,,6.0,,,,0.0,0.0,0.0,,,0.0,,,,
496.0,100.0,100.0,508.0,,,,0.0,0.0,,0.0,0.0,,,,,,,,,0.0,0.0,,,0.0,,,,
497.0,100.0,100.0,,,,,,,,,,,,,,,,,,,,,,,,,,
498.0,100.0,100.0,519.0,4.0,46557.0,0.0,2.0,0.0,,737.0,,,2018-10-17,,0.0,0.0,,,,,,,,-737.0,75.0,,,
499.0,100.0,100.0,,,,,,,,,,,,,,,,,,,,,,,,,,
500.0,100.0,100.0,,,,,,,,,,,,,,,,,,,,,,,,,,
501.0,100.0,100.0,595.0,23.0,0.0,1.0,3.0,0.0,,561.0,235.0,,2015-01-26,2018-01-01,0.0,0.0,,,1.0,2.0,2023.0,,,-561.0,269.0,,116.0,
502.0,100.0,100.0,620.0,34.0,0.0,,1.0,0.0,,104.0,0.0,0.0,2019-12-23,,3.0,0.0,,0.0,0.0,0.0,0.0,0.0,0.0,-104.0,14.0,,,
503.0,100.0,100.0,,,,,,,,,,,,,,,,,,,,,,,,,,
504.0,100.0,100.0,0.0,0.0,0.0,0.0,0.0,0.0,,0.0,0.0,0.0,,,0.0,0.0,,0.0,0.0,0.0,0.0,0.0,0.0,0.0,,,,
505.0,100.0,100.0,,,,,,,,,,,,,,,,,,,,,,,,,,
506.0,100.0,100.0,480.0,2.0,10070.0,0.0,0.0,0.0,,0.0,,,,,0.0,0.0,,,,,,,,0.0,,,,
507.0,98.0,99.0,595.0,18.0,0.0,0.0,0.0,0.0,,0.0,1411.0,0.0,,2019-08-21,2.0,0.0,,0.0,1.0,3.0,14188.0,1.0,429.0,0.0,,,31.0,
508.0,98.0,99.0,594.0,,,,0.0,0.0,,0.0,2850.0,,,2018-11-28,,,,,9.0,1.0,0.0,0.0,0.0,0.0,,,69.0,
509.0,98.0,99.0,,,,,,,,,,,,,,,,,,,,,,,,,,
510.0,98.0,99.0,542.0,,,,1.0,1.0,2013-12-11,56.0,0.0,,,2019-10-05,,,,,0.0,4.0,4582.0,2.0,478.0,-56.0,,328.0,25.0,
511.0,98.0,99.0,564.0,,,,0.0,0.0,,0.0,1127.0,,,,,,,,2.0,0.0,0.0,0.0,0.0,0.0,,,,
512.0,98.0,99.0,,,,,,,,,,,,,,,,,,,,,,,,,,
513.0,98.0,99.0,,,,,,,,,,,,,,,,,,,,,,,,,,
514.0,98.0,99.0,,,,,,,,,,,,,,,,,,,,,,,,,,
515.0,98.0,99.0,621.0,2.0,0.0,1.0,1.0,0.0,,3401.0,0.0,0.0,2014-04-09,,1.0,0.0,,0.0,0.0,0.0,0.0,0.0,0.0,-3401.0,311.0,,,
516.0,98.0,99.0,,,,,,,,,,,,,,,,,,,,,,,,,,
517.0,96.0,97.0,0.0,0.0,0.0,0.0,0.0,0.0,,0.0,5152.0,0.0,,,5.0,0.0,,0.0,5.0,0.0,0.0,0.0,0.0,0.0,,,,
518.0,96.0,97.0,495.0,1.0,0.0,1.0,2.0,0.0,,6243.0,,,2019-01-08,,12.0,0.0,,,,0.0,,,,-6243.0,63.0,,,
519.0,96.0,97.0,,,,,,,,,,,,,,,,,,,,,,,,,,
520.0,96.0,97.0,0.0,0.0,,0.0,3.0,,,2415.0,2415.0,,,,6.0,,,,3.0,0.0,0.0,,,-2415.0,,,,
521.0,96.0,97.0,,0.0,0.0,0.0,2.0,0.0,,505.0,296.0,,2018-12-31,,1.0,0.0,,,,,,,,-505.0,65.0,,,
522.0,96.0,97.0,490.0,21.0,0.0,0.0,2.0,0.0,,1672.0,0.0,0.0,2015-05-07,,4.0,0.0,,0.0,0.0,0.0,0.0,0.0,0.0,-1672.0,255.0,,,
523.0,96.0,97.0,,,,,,,,,,,,,,,,,,,,,,,,,,
524.0,96.0,97.0,,,,,,,,,,,,,,0.0,,,,,,,,,,,,
525.0,96.0,97.0,,,,,,,,,,,,,,,,,,,,,,,,,,
526.0,96.0,97.0,607.0,2.0,0.0,1.0,0.0,0.0,,0.0,1021.0,0.0,,2014-04-15,0.0,0.0,,0.0,5.0,1.0,516.0,0.0,0.0,0.0,,,310.0,
527.0,96.0,97.0,491.0,,,,1.0,0.0,,3722.0,1176.0,,,,,,,,,0.0,0.0,,,-3722.0,,,,
528.0,92.0,95.0,,,,,,,,,,,,,,,,,,,,,,,,,,
529.0,92.0,95.0,477.0,,,,2.0,0.0,,496.0,405.0,,,,,,,,,0.0,0.0,,,-496.0,,,,
530.0,92.0,95.0,612.0,1.0,19046.0,0.0,1.0,0.0,,790.0,790.0,,2019-02-13,,2.0,0.0,,,,,,,,-790.0,58.0,,,
531.0,92.0,95.0,515.0,1.0,0.0,0.0,0.0,0.0,,0.0,0.0,0.0,,2019-12-08,4.0,0.0,,0.0,0.0,3.0,4039.0,1.0,129.0,0.0,,,16.0,
532.0,92.0,95.0,598.0,,,,1.0,0.0,,92.0,1106.0,,,,,,,,1.0,0.0,0.0,1.0,602.0,-92.0,,,,
533.0,92.0,95.0,,,,,,,,,,,,,,,,,,,,,,,,,,
534.0,92.0,95.0,,,,,,,,,,,,,,,,,,,,,,,,,,
535.0,92.0,95.0,0.0,,,,0.0,0.0,,0.0,790.0,,,2019-09-08,,,,,1.0,2.0,2986.0,0.0,0.0,0.0,,,29.0,
536.0,92.0,95.0,469.0,1.0,0.0,0.0,16.0,0.0,,39242.0,5934.0,33308.0,2017-02-27,,6.0,0.0,,,,,,,,-39242.0,160.0,,,
537.0,92.0,95.0,586.0,5.0,10950.0,2.0,0.0,0.0,,0.0,,,,,1.0,0.0,,,,,,,,0.0,,,,
538.0,92.0,95.0,651.0,8.0,28142.0,0.0,2.0,0.0,,113.0,113.0,,2013-10-08,,7.0,0.0,,,,,,,,-113.0,337.0,,,
539.0,92.0,95.0,562.0,,,,0.0,0.0,,0.0,0.0,,,,,,,,0.0,0.0,0.0,0.0,0.0,0.0,,,,
540.0,90.0,91.0,601.0,0.0,0.0,0.0,0.0,0.0,,24571.0,,24571.0,,,0.0,0.0,,,,,,,,-24571.0,,,,
541.0,90.0,91.0,698.0,1.0,11205.0,0.0,0.0,0.0,,0.0,,,,,0.0,0.0,,,,,,,,0.0,,,,
542.0,90.0,91.0,523.0,,,,3.0,0.0,,395.0,0.0,,,2017-06-30,,,,,0.0,1.0,0.0,0.0,0.0,-395.0,,,143.0,
543.0,90.0,91.0,522.0,14.0,1.0,0.0,1.0,0.0,,172.0,0.0,394.0,2020-01-24,,3.0,0.0,,1.0,0.0,0.0,0.0,2.0,960.0,-172.0,9.0,,,
544.0,90.0,91.0,,,,,,,,,,,,,,,,,,,,,,,,,,
545.0,90.0,91.0,,,,,,,,,,,,,,,,,,,,,,,,,,
546.0,90.0,91.0,,,,,,,,,,,,,,,,,,,,,,,,,,
547.0,90.0,91.0,0.0,0.0,0.0,0.0,0.0,0.0,,0.0,112.0,0.0,,,3.0,0.0,,0.0,1.0,0.0,0.0,0.0,0.0,0.0,,,,
548.0,90.0,91.0,535.0,16.0,50346.0,1.0,1.0,0.0,,289.0,,,,,3.0,1.0,2018-12-03,,,0.0,,,,-289.0,,,,69.0
549.0,90.0,91.0,649.0,9.0,0.0,6.0,1.0,0.0,,907.0,907.0,0.0,2019-07-23,,2.0,0.0,,0.0,1.0,0.0,0.0,0.0,0.0,-907.0,35.0,,,
550.0,90.0,91.0,,,,,,,,,,,,,,,,,,,,,,,,,,
551.0,90.0,91.0,569.0,,,,0.0,0.0,,0.0,0.0,,,,,,,,0.0,0.0,0.0,0.0,0.0,0.0,,,,
552.0,89.0,89.0,495.0,,,,0.0,0.0,,0.0,0.0,,,2018-05-25,,,,,0.0,1.0,1429.0,1.0,309.0,0.0,,,96.0,
553.0,89.0,89.0,,,,,,,,,,,,,,,,,,,,,,,,,,
554.0,89.0,89.0,0.0,,,,0.0,0.0,,0.0,0.0,,,,,,,,0.0,0.0,0.0,0.0,0.0,0.0,,,,
555.0,89.0,89.0,,,,,,,,,,,,,,,,,,,,,,,,,,
556.0,89.0,89.0,583.0,,,,0.0,0.0,,0.0,0.0,,,,,,,,0.0,0.0,0.0,0.0,0.0,0.0,,,,
557.0,89.0,89.0,,,,,,,,,,,,,,,,,,,,,,,,,,
558.0,89.0,89.0,,,,,,,,,,,,,,,,,,,,,,,,,,
559.0,89.0,89.0,480.0,3.0,,0.0,1.0,,,261.0,261.0,,2019-01-28,,3.0,,,,,0.0,0.0,,,-261.0,61.0,,,
560.0,89.0,89.0,606.0,2.0,17860.0,0.0,3.0,0.0,,1607.0,1252.0,,2013-12-04,,5.0,0.0,,,,,,,,-1607.0,329.0,,,
561.0,89.0,89.0,0.0,,,,0.0,0.0,,0.0,0.0,,,,,,,,0.0,0.0,0.0,0.0,0.0,0.0,,,,
562.0,89.0,89.0,570.0,0.0,0.0,0.0,1.0,0.0,,33211.0,,32369.0,2019-04-05,,0.0,0.0,,,,,,,,-33211.0,51.0,,,
563.0,89.0,89.0,0.0,,,,0.0,0.0,,0.0,0.0,,,2015-08-25,,,,,0.0,3.0,0.0,0.0,0.0,0.0,,,239.0,
564.0,89.0,89.0,634.0,,,,0.0,0.0,,0.0,0.0,,,,,,,,0.0,0.0,0.0,0.0,0.0,0.0,,,,
565.0,89.0,89.0,,,,,,,,,,,,,,,,,,,,,,,,,,
566.0,89.0,89.0,,,,,,,,,,,,,,,,,,,,,,,,,,
567.0,89.0,89.0,435.0,,,,1.0,0.0,,885.0,1954.0,,,2019-08-21,,,,,1.0,5.0,4071.0,1.0,1109.0,-885.0,,,31.0,
568.0,89.0,89.0,571.0,12.0,,3.0,1.0,,,7391.0,0.0,0.0,,2018-02-12,1.0,,,0.0,0.0,2.0,3567.0,,,-7391.0,,,110.0,
569.0,89.0,89.0,427.0,7.0,0.0,5.0,0.0,0.0,,0.0,2272.0,0.0,,,2.0,0.0,,0.0,4.0,0.0,0.0,0.0,0.0,0.0,,,,
570.0,89.0,89.0,589.0,22.0,0.0,0.0,1.0,0.0,,280.0,280.0,0.0,2015-11-09,2016-06-23,3.0,,,0.0,1.0,4.0,7784.0,,,-280.0,228.0,,196.0,
571.0,89.0,89.0,561.0,1.0,,0.0,1.0,,,447.0,,,2019-06-06,,0.0,,,,,0.0,0.0,,,-447.0,42.0,,,
572.0,89.0,89.0,436.0,11.0,39153.0,0.0,2.0,0.0,,867.0,200.0,,2018-11-09,,4.0,0.0,,,,,,,,-867.0,72.0,,,
573.0,89.0,89.0,459.0,5.0,34810.0,1.0,7.0,,,4643.0,3433.0,0.0,2015-02-27,,11.0,0.0,,,,,,,,-4643.0,265.0,,,
574.0,89.0,89.0,488.0,,,,0.0,0.0,,0.0,158.0,,,,,,,,,0.0,0.0,0.0,0.0,0.0,,,,
575.0,89.0,89.0,635.0,6.0,,0.0,0.0,0.0,,0.0,0.0,0.0,,,7.0,,,0.0,0.0,0.0,0.0,,,0.0,,,,
576.0,89.0,89.0,,,,,,,,,,,,,,,,,,,,,,,,,,
577.0,89.0,89.0,689.0,6.0,56025.0,2.0,0.0,0.0,,0.0,,,,,2.0,0.0,,,,,,,,0.0,,,,
578.0,89.0,89.0,,,,,,,,,,,,,,,,,,,,,,,,,,
579.0,89.0,89.0,489.0,,,,1.0,0.0,,1721.0,2967.0,,,2019-09-08,,,,,2.0,5.0,3983.0,0.0,0.0,-1721.0,,,29.0,
580.0,89.0,89.0,,,,,,,,,,,,,,,,,,,,,,,,,,
581.0,89.0,89.0,,,,,,,,,,,,,,,,,,,,,,,,,,
582.0,89.0,89.0,621.0,,,,0.0,0.0,,0.0,296.0,,,2013-05-15,,,,,1.0,1.0,2250.0,1.0,349.0,0.0,,,358.0,
583.0,89.0,89.0,460.0,,,,8.0,0.0,,4698.0,0.0,,,,,,,,0.0,0.0,0.0,0.0,0.0,-4698.0,,,,
584.0,89.0,89.0,,,,,,,,,,,,,,,,,,,,,,,,,,
585.0,89.0,89.0,564.0,,,,1.0,0.0,,239.0,0.0,,,2018-06-29,,,,,0.0,2.0,1803.0,0.0,0.0,-239.0,,,91.0,
586.0,89.0,89.0,,,,,,,,,,,,,,,,,,,,,,,,,,
587.0,89.0,89.0,487.0,9.0,52082.0,0.0,12.0,0.0,,6669.0,6257.0,,2018-05-07,,9.0,0.0,,,,0.0,,,,-6669.0,98.0,,,
588.0,89.0,89.0,620.0,3.0,,0.0,1.0,,,301.0,,,,,1.0,,,,,1.0,260.0,,,-301.0,,,,
589.0,88.0,88.0,597.0,5.0,,4.0,0.0,1.0,2013-01-09,0.0,,,,,3.0,,,,,0.0,0.0,,,0.0,,376.0,,
590.0,88.0,88.0,,,,,,,,,,,,,,,,,,,,,,,,,,
591.0,88.0,88.0,,,,,,,,,,,,,,,,,,,,,,,,,,
592.0,88.0,88.0,,,,,,,,,,,,,,,,,,,,,,,,,,
593.0,88.0,88.0,,,,,,,,,,,,,,,,,,,,,,,,,,
594.0,88.0,88.0,521.0,1.0,0.0,0.0,1.0,0.0,,4414.0,4414.0,0.0,2016-05-25,,3.0,0.0,,0.0,1.0,0.0,0.0,0.0,0.0,-4414.0,200.0,,,
595.0,88.0,88.0,,,,,,,,,,,,,,,,,,,,,,,,,,
596.0,88.0,88.0,,,,,,,,,,,,,,,,,,,,,,,,,,
597.0,88.0,88.0,548.0,,,,0.0,0.0,,0.0,365.0,,,2017-09-14,,,,,1.0,2.0,0.0,0.0,0.0,0.0,,,132.0,
598.0,88.0,88.0,645.0,13.0,,0.0,0.0,,,0.0,0.0,0.0,,,0.0,,,,0.0,0.0,0.0,,,0.0,,,,
599.0,88.0,88.0,,,,,,,,,,,,,,,,,,,,,,,,,,
600.0,88.0,88.0,628.0,4.0,14624.0,0.0,0.0,,,0.0,0.0,0.0,,,2.0,0.0,,,,,,,,0.0,,,,
601.0,88.0,88.0,742.0,9.0,,6.0,0.0,,,0.0,0.0,0.0,,,5.0,,,0.0,0.0,0.0,0.0,,,0.0,,,,
602.0,88.0,88.0,545.0,,,,0.0,0.0,,0.0,0.0,,,2018-01-02,,,,,0.0,1.0,7893.0,0.0,0.0,0.0,,,116.0,
603.0,88.0,88.0,,,,,,,,,,,,,,,,,,,,,,,,,,
604.0,88.0,88.0,656.0,,,,0.0,0.0,,0.0,0.0,,,2018-02-02,,,,,0.0,1.0,4166.0,0.0,0.0,0.0,,,112.0,
605.0,88.0,88.0,,,,,,,,,,,,,,,,,,,,,,,,,,
606.0,88.0,88.0,455.0,13.0,0.0,3.0,0.0,0.0,,0.0,524.0,,,,12.0,0.0,,0.0,3.0,0.0,0.0,0.0,0.0,0.0,,,,
607.0,88.0,88.0,599.0,4.0,,2.0,2.0,,,538.0,,,,,0.0,,,,0.0,0.0,0.0,,,-538.0,,,,
608.0,88.0,88.0,,,,,,,,,,,,,,,,,,,,,,,,,,
609.0,88.0,88.0,538.0,1.0,0.0,1.0,0.0,0.0,,0.0,0.0,0.0,,,0.0,0.0,,0.0,0.0,0.0,0.0,0.0,0.0,0.0,,,,
610.0,88.0,88.0,531.0,1.0,0.0,1.0,8.0,0.0,,6536.0,988.0,,2014-11-25,,2.0,0.0,,,,,,,,-6536.0,278.0,,,
611.0,88.0,88.0,,,,,,,,,,,,,,,,,,,,,,,,,,
612.0,88.0,88.0,,,,,,,,,,,,,,,,,,,,,,,,,,
613.0,88.0,88.0,,,,,,,,,,,,,,,,,,,,,,,,,,
614.0,88.0,88.0,,,,,,,,,,,,,,1.0,2017-06-16,,,,,,,,,,,145.0
615.0,88.0,88.0,,,,,,,,,,,,,,,,,,,,,,,,,,
616.0,88.0,88.0,,,,,,,,,,,,,,,,,,,,,,,,,,
617.0,88.0,88.0,546.0,32.0,,4.0,0.0,,,0.0,,,,2019-05-23,7.0,,,0.0,0.0,3.0,0.0,,,0.0,,,44.0,
618.0,88.0,88.0,539.0,5.0,,0.0,3.0,,,5363.0,550.0,,,,16.0,,,,1.0,0.0,0.0,,,-5363.0,,,,
619.0,88.0,88.0,,,,,,,,,,,,,,,,,,,,,,,,,,
620.0,88.0,88.0,,,,,,,,,,,,,,,,,,,,,,,,,,
621.0,88.0,88.0,0.0,,,,0.0,0.0,,0.0,0.0,,,2019-04-24,,,,,0.0,1.0,0.0,0.0,0.0,0.0,,,48.0,
622.0,88.0,88.0,512.0,4.0,,0.0,2.0,,,1600.0,39.0,,,,3.0,,,,1.0,0.0,0.0,,,-1600.0,,,,
623.0,88.0,88.0,586.0,,,,0.0,0.0,,0.0,0.0,,,2019-01-22,,,,,0.0,1.0,5000.0,0.0,0.0,0.0,,,61.0,
624.0,88.0,88.0,515.0,11.0,,2.0,3.0,,,1025.0,1025.0,0.0,2017-05-17,2016-04-07,0.0,,,0.0,12.0,1.0,2259.0,,,-1025.0,149.0,,207.0,
625.0,88.0,88.0,513.0,1.0,0.0,0.0,0.0,,,0.0,0.0,0.0,,,5.0,0.0,,,,,,,,0.0,,,,
626.0,88.0,88.0,0.0,,,,0.0,0.0,,0.0,0.0,,,2019-09-18,,,,,0.0,1.0,2728.0,0.0,0.0,0.0,,,27.0,
627.0,88.0,88.0,0.0,,,,0.0,0.0,,0.0,2828.0,,,2019-08-21,,,,,3.0,2.0,2381.0,0.0,0.0,0.0,,,31.0,
628.0,88.0,88.0,432.0,35.0,,7.0,9.0,,,7489.0,3909.0,,2018-03-13,,11.0,,,,6.0,0.0,0.0,,,-7489.0,106.0,,,
629.0,88.0,88.0,480.0,,,,0.0,0.0,,0.0,256.0,,,2019-09-13,,,,,2.0,1.0,1841.0,0.0,0.0,0.0,,,28.0,
630.0,88.0,88.0,,0.0,0.0,0.0,1.0,0.0,,76.0,76.0,,2014-04-01,,0.0,0.0,,,,,,,,-76.0,312.0,,,
631.0,88.0,88.0,654.0,4.0,0.0,2.0,0.0,0.0,,0.0,0.0,0.0,,,0.0,0.0,,0.0,0.0,0.0,0.0,0.0,0.0,0.0,,,,
632.0,88.0,88.0,,,,,,,,,,,,,,,,,,,,,,,,,,
633.0,88.0,88.0,475.0,,,,1.0,0.0,,193.0,0.0,,,,,,,,0.0,0.0,0.0,0.0,0.0,-193.0,,,,
634.0,88.0,88.0,,,,,,,,,,,,,,,,,,,,,,,,,,
635.0,88.0,88.0,555.0,,,,0.0,0.0,,0.0,2002.0,,,,,,,,3.0,0.0,0.0,0.0,0.0,0.0,,,,
636.0,88.0,88.0,,,,,,,,,,,,,,,,,,,,,,,,,,
637.0,88.0,88.0,,,,,,,,,,,,,,,,,,,,,,,,,,
638.0,88.0,88.0,,,,,,,,,,,,,,,,,,,,,,,,,,
639.0,88.0,88.0,,,,,,,,,,,,,,,,,,,,,,,,,,
640.0,88.0,88.0,535.0,3.0,,0.0,1.0,,,355.0,,,2019-09-20,2014-12-05,3.0,,,,,1.0,1480.0,,,-355.0,27.0,,277.0,
641.0,88.0,88.0,491.0,2.0,0.0,0.0,9.0,0.0,,7711.0,991.0,,2016-06-27,,1.0,0.0,,,,,,,,-7711.0,195.0,,,
642.0,88.0,88.0,526.0,,,,0.0,0.0,,0.0,64966.0,,,,,,,,7.0,0.0,0.0,0.0,0.0,0.0,,,,
643.0,88.0,88.0,,,,,,,,,,,,,,,,,,,,,,,,,,
644.0,88.0,88.0,604.0,7.0,0.0,4.0,0.0,0.0,,0.0,0.0,0.0,,2018-02-26,2.0,0.0,,0.0,0.0,1.0,0.0,0.0,0.0,0.0,,,108.0,
645.0,88.0,88.0,500.0,10.0,,6.0,3.0,,,268.0,268.0,,2015-10-16,,0.0,,,,3.0,2.0,0.0,,,-268.0,232.0,,,
646.0,88.0,88.0,603.0,9.0,,0.0,0.0,,,0.0,0.0,0.0,,,1.0,,,0.0,0.0,0.0,0.0,,,0.0,,,,
647.0,88.0,88.0,,,,,,,,,,,,,,,,,,,,,,,,,,
648.0,88.0,88.0,,,,,,,,,,,,,,,,,,,,,,,,,,
649.0,88.0,88.0,601.0,20.0,,0.0,1.0,0.0,,8455.0,0.0,0.0,2016-10-27,,1.0,0.0,,0.0,0.0,0.0,0.0,0.0,0.0,-8455.0,178.0,,,
650.0,87.0,87.0,,,,,,,,,,,,,,,,,,,,,,,,,,
651.0,87.0,87.0,,,,,,,,,,,,,,,,,,,,,,,,,,
652.0,87.0,87.0,666.0,2.0,,3.0,0.0,0.0,,0.0,0.0,0.0,,,1.0,,,0.0,0.0,0.0,0.0,,,0.0,,,,
653.0,87.0,87.0,0.0,3.0,,0.0,1.0,0.0,,518.0,518.0,0.0,2014-11-25,,0.0,0.0,,0.0,1.0,0.0,0.0,0.0,0.0,-518.0,278.0,,,
654.0,87.0,87.0,551.0,,,,0.0,0.0,,0.0,0.0,,,2019-10-10,,,,,0.0,4.0,6300.0,0.0,0.0,0.0,,,24.0,
655.0,87.0,87.0,,,,,,,,,,,,,,,,,,,,,,,,,,
656.0,87.0,87.0,,0.0,0.0,0.0,5.0,0.0,,3816.0,431.0,,2015-02-02,,11.0,0.0,,,,,,,,-3816.0,268.0,,,
657.0,87.0,87.0,0.0,,,,0.0,0.0,,0.0,0.0,,,2017-05-23,,,,,,6.0,3000.0,,,0.0,,,148.0,
658.0,87.0,87.0,,,,,,,,,,,,,,,,,,,,,,,,,,
659.0,87.0,87.0,554.0,5.0,,0.0,2.0,,,584.0,0.0,0.0,2018-10-17,,5.0,,,0.0,0.0,0.0,0.0,,,-584.0,75.0,,,
660.0,87.0,87.0,,,,,,,,,,,,,,,,,,,,,,,,,,
661.0,87.0,87.0,,,,,,,,,,,,,,,,,,,,,,,,,,
662.0,87.0,87.0,547.0,,,,0.0,0.0,,0.0,2238.0,,,2017-05-02,,,,,5.0,10.0,0.0,0.0,0.0,0.0,,,151.0,
663.0,87.0,87.0,604.0,,,,0.0,0.0,,0.0,15767.0,,,2013-02-11,,,,,3.0,1.0,0.0,0.0,0.0,0.0,,,371.0,
664.0,87.0,87.0,,,,,,,,,,,,,,,,,,,,,,,,,,
665.0,86.0,86.0,565.0,5.0,,0.0,2.0,,,1618.0,0.0,,2018-05-20,,12.0,,,,0.0,0.0,0.0,,,-1618.0,97.0,,,
666.0,86.0,86.0,479.0,,,,1.0,1.0,2017-06-08,612.0,0.0,,,2017-01-04,,,,,0.0,5.0,0.0,0.0,0.0,-612.0,,146.0,168.0,
667.0,86.0,86.0,520.0,,,,1.0,0.0,,1385.0,617.0,,,2013-07-18,,,,,2.0,1.0,0.0,0.0,0.0,-1385.0,,,349.0,
668.0,86.0,86.0,550.0,,,,0.0,1.0,2018-04-24,0.0,3360.0,,,2016-07-13,,,,,1.0,2.0,0.0,0.0,0.0,0.0,,100.0,193.0,
669.0,86.0,86.0,544.0,1.0,,1.0,3.0,,,2982.0,2982.0,,,,0.0,,,,3.0,0.0,0.0,,,-2982.0,,,,
670.0,86.0,86.0,,,,,,,,,,,,,,,,,,,,,,,,,,
671.0,86.0,86.0,591.0,34.0,,4.0,0.0,,,0.0,,,,,0.0,,,,,0.0,0.0,,,0.0,,,,
672.0,86.0,86.0,,,,,,,,,,,,,,,,,,,,,,,,,,
673.0,86.0,86.0,,,,,,,,,,,,,,,,,,,,,,,,,,
674.0,86.0,86.0,571.0,,,,0.0,0.0,,0.0,0.0,,,,,,,,0.0,0.0,0.0,0.0,0.0,0.0,,,,
675.0,86.0,86.0,,,,,,,,,,,,,,,,,,,,,,,,,,
676.0,86.0,86.0,,,,,,,,,,,,,,,,,,,,,,,,,,
677.0,86.0,86.0,,,,,,,,,,,,,,,,,,,,,,,,,,
678.0,86.0,86.0,,,,,,,,,,,,,,,,,,,,,,,,,,
679.0,86.0,86.0,0.0,0.0,0.0,,0.0,0.0,,0.0,662.0,0.0,,,0.0,0.0,,0.0,1.0,0.0,0.0,1.0,108.0,0.0,,,,
680.0,86.0,86.0,0.0,0.0,,0.0,0.0,0.0,,0.0,0.0,0.0,,,3.0,0.0,,0.0,0.0,0.0,0.0,,,0.0,,,,
681.0,86.0,86.0,583.0,1.0,0.0,0.0,0.0,0.0,,0.0,0.0,0.0,,2019-11-22,1.0,0.0,,0.0,0.0,1.0,6192.0,1.0,162.0,0.0,,,18.0,
682.0,86.0,86.0,496.0,14.0,,0.0,2.0,,,2588.0,,,2017-08-10,2017-06-14,8.0,,,,,2.0,0.0,,,-2588.0,137.0,,145.0,
683.0,86.0,86.0,475.0,,,,0.0,0.0,,0.0,0.0,,,2016-12-02,,,,,0.0,1.0,0.0,0.0,0.0,0.0,,,173.0,
684.0,86.0,86.0,,,,,,,,,,,,,,,,,,,,,,,,,,
685.0,86.0,86.0,0.0,,,,1.0,0.0,,371.0,0.0,,,,,,,,0.0,0.0,0.0,0.0,0.0,-371.0,,,,
686.0,86.0,86.0,513.0,10.0,0.0,0.0,0.0,0.0,,0.0,631.0,0.0,,,2.0,0.0,,0.0,1.0,0.0,0.0,0.0,0.0,0.0,,,,
687.0,86.0,86.0,666.0,5.0,0.0,2.0,0.0,0.0,,0.0,0.0,0.0,,,19.0,0.0,,0.0,0.0,0.0,0.0,0.0,0.0,0.0,,,,
688.0,86.0,86.0,456.0,4.0,0.0,2.0,0.0,0.0,,0.0,0.0,0.0,,2019-12-08,3.0,0.0,,0.0,0.0,1.0,1877.0,2.0,636.0,0.0,,,16.0,
689.0,86.0,86.0,546.0,,,,0.0,0.0,,0.0,0.0,,,,,,,,0.0,0.0,0.0,0.0,0.0,0.0,,,,
690.0,86.0,86.0,,,,,,,,,,,,,,,,,,,,,,,,,,
691.0,85.0,85.0,608.0,,,,3.0,0.0,,4123.0,0.0,,,2017-08-15,,,,,,5.0,1969.0,,,-4123.0,,,136.0,
692.0,85.0,85.0,601.0,12.0,46903.0,2.0,0.0,0.0,,0.0,,,,,1.0,0.0,,,,,,,,0.0,,,,
693.0,85.0,85.0,,,,,,,,,,,,,,,,,,,,,,,,,,
694.0,85.0,85.0,,,,,,,,,,,,,,,,,,,,,,,,,,
695.0,85.0,85.0,0.0,0.0,0.0,0.0,0.0,0.0,,0.0,674.0,0.0,,2020-01-07,0.0,0.0,,0.0,1.0,1.0,754.0,0.0,0.0,0.0,,,11.0,
696.0,85.0,85.0,,,,,,,,,,,,,,,,,,,,,,,,,,
697.0,85.0,85.0,522.0,1.0,5866.0,0.0,3.0,0.0,,1246.0,,,2017-05-25,,1.0,0.0,,,,,,,,-1246.0,148.0,,,
698.0,85.0,85.0,569.0,0.0,0.0,0.0,0.0,0.0,,0.0,,,,,0.0,0.0,,,,,,,,0.0,,,,
699.0,85.0,85.0,547.0,0.0,0.0,0.0,3.0,0.0,,3383.0,,,2018-07-17,,0.0,0.0,,,,0.0,,,,-3383.0,88.0,,,
700.0,85.0,85.0,570.0,2.0,0.0,1.0,3.0,0.0,,2663.0,,,2016-06-03,,2.0,0.0,,,,,,,,-2663.0,199.0,,,
701.0,85.0,85.0,,,,,,,,,,,,,,,,,,,,,,,,,,
702.0,85.0,85.0,,,,,,,,,,,,,,,,,,,,,,,,,,
703.0,85.0,85.0,531.0,0.0,0.0,0.0,6.0,0.0,,3223.0,,,2017-11-17,,3.0,0.0,,,,,,,,-3223.0,123.0,,,
704.0,85.0,85.0,538.0,,,,2.0,0.0,,1169.0,,,,,,,,,,,,,,-1169.0,,,,
705.0,85.0,85.0,563.0,1.0,0.0,0.0,0.0,0.0,,0.0,0.0,0.0,,2020-01-21,4.0,0.0,,0.0,0.0,1.0,2699.0,1.0,329.0,0.0,,,9.0,
706.0,85.0,85.0,528.0,,,,0.0,0.0,,0.0,1621.0,,,,,,,,1.0,0.0,0.0,0.0,0.0,0.0,,,,
707.0,85.0,85.0,,,,,,,,,,,,,,,,,,,,,,,,,,
708.0,84.0,84.0,593.0,1.0,3134.0,0.0,2.0,0.0,,825.0,,,2016-08-19,,0.0,0.0,,,,,,,,-825.0,188.0,,,
709.0,84.0,84.0,,,,,,,,,,,,,1.0,0.0,,,,,,,,,,,,
710.0,84.0,84.0,578.0,9.0,0.0,9.0,1.0,1.0,2016-08-05,84.0,0.0,0.0,2019-12-06,2019-12-08,2.0,0.0,,0.0,0.0,1.0,2584.0,0.0,0.0,-84.0,16.0,190.0,16.0,
711.0,84.0,84.0,,,,,,,,,,,,,,,,,,,,,,,,,,
712.0,84.0,84.0,0.0,,,,0.0,0.0,,0.0,480.0,,,2013-12-18,,,,,1.0,1.0,0.0,0.0,0.0,0.0,,,327.0,
713.0,84.0,84.0,510.0,0.0,0.0,0.0,1.0,0.0,,1413.0,1413.0,,2019-01-14,,0.0,0.0,,,,,,,,-1413.0,63.0,,,
714.0,84.0,84.0,,,,,,,,,,,,,,,,,,,,,,,,,,
715.0,84.0,84.0,,,,,,,,,,,,,,,,,,,,,,,,,,
716.0,84.0,84.0,,,,,,,,,,,,,,,,,,,,,,,,,,
717.0,84.0,84.0,521.0,4.0,0.0,0.0,1.0,0.0,,152.0,1485.0,0.0,2019-11-27,,3.0,0.0,,0.0,3.0,0.0,0.0,0.0,0.0,-152.0,17.0,,,
718.0,82.0,83.0,,,,,,,,,,,,,,,,,,,,,,,,,,
719.0,82.0,83.0,539.0,5.0,,0.0,3.0,,,1281.0,476.0,,,,2.0,,,,1.0,0.0,0.0,,,-1281.0,,,,
720.0,82.0,83.0,,,,,,,,,,,,,,,,,,,,,,,,,,
721.0,82.0,83.0,,,,,,,,,,,,,,,,,,,,,,,,,,
722.0,82.0,83.0,,,,,,,,,,,,,,,,,,,,,,,,,,
723.0,82.0,83.0,615.0,1.0,0.0,0.0,5.0,0.0,,4645.0,543.0,,2015-04-30,2013-06-12,3.0,0.0,,,,1.0,,,,-4645.0,256.0,,354.0,
724.0,82.0,83.0,656.0,5.0,0.0,3.0,0.0,0.0,,0.0,0.0,0.0,,2018-05-29,1.0,0.0,,0.0,0.0,2.0,2735.0,0.0,0.0,0.0,,,95.0,
725.0,82.0,83.0,,,,,,,,,,,,,,,,,,,,,,,,,,
726.0,82.0,83.0,,,,,,,,,,,,,,,,,,,,,,,,,,
727.0,82.0,83.0,,,,,,,,,,,,,,,,,,,,,,,,,,
728.0,82.0,83.0,589.0,,,,0.0,0.0,,0.0,1381.0,,,,,,,,2.0,0.0,0.0,1.0,369.0,0.0,,,,
729.0,82.0,83.0,606.0,,,,0.0,0.0,,0.0,1060.0,,,2019-09-08,,,,,3.0,4.0,4297.0,1.0,154.0,0.0,,,29.0,
730.0,82.0,83.0,,,,,,,,,,,,,,,,,,,,,,,,,,
731.0,79.0,81.0,482.0,,,,2.0,0.0,,389.0,0.0,,,2018-07-10,,,,,,5.0,1934.0,0.0,0.0,-389.0,,,89.0,
732.0,79.0,81.0,,,,,,,,,,,,,,,,,,,,,,,,,,
733.0,79.0,81.0,0.0,,,,0.0,0.0,,0.0,652.0,,,2016-03-15,,,,,1.0,3.0,0.0,0.0,0.0,0.0,,,210.0,
734.0,79.0,81.0,0.0,,,,0.0,0.0,,0.0,217.0,,,,,,,,1.0,0.0,0.0,1.0,2922.0,0.0,,,,
735.0,79.0,81.0,0.0,,,,0.0,0.0,,0.0,0.0,,,,,,,,0.0,0.0,0.0,0.0,0.0,0.0,,,,
736.0,79.0,81.0,,,,,,,,,,,,,,,,,,,,,,,,,,
737.0,79.0,81.0,,,,,,,,,,,,,,,,,,,,,,,,,,
738.0,79.0,81.0,,0.0,0.0,0.0,2.0,0.0,,855.0,150.0,,2017-05-25,,1.0,0.0,,,,,,,,-855.0,148.0,,,
739.0,79.0,81.0,520.0,35.0,,6.0,2.0,,,415.0,0.0,,2019-07-05,2011-03-28,14.0,,,,0.0,2.0,3893.0,,,-415.0,38.0,,469.0,
740.0,79.0,81.0,562.0,,,,1.0,0.0,,367.0,1507.0,,,2019-05-06,,,,,3.0,3.0,3900.0,0.0,0.0,-367.0,,,47.0,
741.0,79.0,81.0,,,,,,,,,,,,,,,,,,,,,,,,,,
742.0,79.0,81.0,610.0,7.0,0.0,0.0,2.0,0.0,,300.0,300.0,,2018-05-29,2019-04-11,11.0,,,,2.0,1.0,2998.0,,,-300.0,95.0,,50.0,
743.0,79.0,81.0,589.0,15.0,217554.0,1.0,4.0,0.0,,4008.0,,,2015-06-10,,0.0,0.0,,,,,,,,-4008.0,250.0,,,
744.0,77.0,78.0,,,,,,,,,,,,,,,,,,,,,,,,,,
745.0,77.0,78.0,,,,,,,,,,,,,,,,,,,,,,,,,,
746.0,77.0,78.0,,,,,,,,,,,,,,,,,,,,,,,,,,
747.0,77.0,78.0,,,,,,,,,,,,,,,,,,,,,,,,,,
748.0,77.0,78.0,,,,,,,,,,,,,,,,,,,,,,,,,,
749.0,77.0,78.0,,,,,,,,,,,,,,,,,,,,,,,,,,
750.0,77.0,78.0,543.0,2.0,,0.0,0.0,,,0.0,,,,,3.0,,,,,0.0,0.0,,,0.0,,,,
751.0,77.0,78.0,517.0,3.0,6234.0,0.0,1.0,,,3610.0,0.0,0.0,2018-08-10,,7.0,0.0,,,,,,,,-3610.0,85.0,,,
752.0,77.0,78.0,0.0,,,,0.0,,,0.0,,,,,,,,,,0.0,0.0,,,0.0,,,,
753.0,77.0,78.0,,0.0,0.0,0.0,5.0,0.0,,4203.0,4203.0,,2016-02-11,,0.0,0.0,,,,,,,,-4203.0,215.0,,,
754.0,77.0,78.0,537.0,,,,3.0,0.0,,3687.0,0.0,,,,,,,,,0.0,0.0,,,-3687.0,,,,
755.0,77.0,78.0,429.0,,,,0.0,0.0,,0.0,317.0,,,2019-01-18,,,,,,4.0,9117.0,1.0,538.0,0.0,,,62.0,
756.0,77.0,78.0,,,,,,,,,,,,,,,,,,,,,,,,,,
757.0,75.0,76.0,,,,,,,,,,,,,,,,,,,,,,,,,,
758.0,75.0,76.0,596.0,22.0,84059.0,1.0,2.0,0.0,,262.0,262.0,,2017-03-17,,1.0,0.0,,,,0.0,,,,-262.0,158.0,,,
759.0,75.0,76.0,,,,,,,,,,,,,,,,,,,,,,,,,,
760.0,75.0,76.0,,,,,,,,,,,,,,,,,,,,,,,,,,
761.0,75.0,76.0,759.0,4.0,8179.0,2.0,0.0,0.0,,0.0,,,,,1.0,0.0,,,,,,,,0.0,,,,
762.0,75.0,76.0,,,,,,,,,,,,,,,,,,,,,,,,,,
763.0,75.0,76.0,551.0,13.0,,2.0,2.0,,,9194.0,,0.0,,2018-08-23,9.0,,,,0.0,0.0,0.0,,,-9194.0,,,83.0,
764.0,75.0,76.0,,,,,,,,,,,,,,,,,,,,,,,,,,
765.0,75.0,76.0,625.0,9.0,,0.0,0.0,,,0.0,,,,,0.0,,,,0.0,2.0,10355.0,,,0.0,,,,
766.0,75.0,76.0,558.0,,,,0.0,0.0,,0.0,0.0,,,,,,,,0.0,0.0,0.0,0.0,0.0,0.0,,,,
767.0,75.0,76.0,0.0,0.0,,0.0,0.0,,,0.0,,,,2013-03-14,0.0,,,0.0,,1.0,957.0,,,0.0,,,367.0,
768.0,73.0,74.0,539.0,14.0,56126.0,0.0,7.0,0.0,,39049.0,,,2014-03-06,,3.0,0.0,,,,,,,,-39049.0,316.0,,,
769.0,73.0,74.0,,,,,,,,,,,,,,,,,,,,,,,,,,
770.0,73.0,74.0,461.0,1.0,0.0,0.0,2.0,0.0,,1362.0,1362.0,,2016-11-30,,1.0,1.0,2018-03-01,,,0.0,,,,-1362.0,173.0,,,108.0
771.0,73.0,74.0,636.0,6.0,0.0,2.0,0.0,,,0.0,0.0,0.0,,2019-08-16,0.0,0.0,,0.0,0.0,2.0,1772.0,0.0,0.0,0.0,,,32.0,
772.0,73.0,74.0,518.0,1.0,0.0,0.0,2.0,0.0,,1143.0,288.0,0.0,2018-08-02,,2.0,0.0,,0.0,1.0,0.0,0.0,0.0,0.0,-1143.0,86.0,,,
773.0,73.0,74.0,,,,,,,,,,,,,,,,,,,,,,,,,,
774.0,73.0,74.0,539.0,12.0,,5.0,1.0,,,4112.0,,,2019-09-24,,15.0,,,,,0.0,0.0,,,-4112.0,26.0,,,
775.0,73.0,74.0,,0.0,0.0,0.0,0.0,0.0,,0.0,,,,,0.0,0.0,,,,,,,,0.0,,,,
776.0,73.0,74.0,,,,,,,,,,,,,,,,,,,,,,,,,,
777.0,73.0,74.0,471.0,2.0,0.0,1.0,1.0,0.0,,4224.0,,,2014-08-21,,2.0,1.0,2014-05-27,,,0.0,,,,-4224.0,292.0,,,304.0
778.0,73.0,74.0,607.0,9.0,37960.0,2.0,0.0,0.0,,0.0,,,,,2.0,0.0,,,,,,,,0.0,,,,
779.0,73.0,74.0,,,,,,,,,,,,,,,,,,,,,,,,,,
780.0,73.0,74.0,,,,,,,,,,,,,,,,,,,,,,,,,,
781.0,71.0,72.0,469.0,3.0,14568.0,0.0,9.0,0.0,,14732.0,1240.0,,2017-10-27,,1.0,0.0,,,,,,,,-14732.0,126.0,,,
782.0,71.0,72.0,,,,,,,,,,,,,2.0,0.0,,,,,,,,,,,,
783.0,71.0,72.0,,,,,,,,,,,,,,,,,,,,,,,,,,
784.0,71.0,72.0,579.0,1.0,0.0,0.0,0.0,0.0,,0.0,0.0,0.0,,,0.0,0.0,,0.0,0.0,0.0,0.0,0.0,0.0,0.0,,,,
785.0,71.0,72.0,477.0,17.0,0.0,0.0,1.0,0.0,,435.0,1195.0,0.0,2019-11-22,2018-01-22,4.0,0.0,,0.0,3.0,1.0,0.0,0.0,0.0,-435.0,18.0,,113.0,
786.0,71.0,72.0,0.0,,,,0.0,0.0,,0.0,0.0,,,2013-08-05,,,,,0.0,2.0,250.0,0.0,0.0,0.0,,,346.0,
787.0,71.0,72.0,514.0,,,,0.0,0.0,,0.0,0.0,,,,,,,,0.0,0.0,0.0,0.0,0.0,0.0,,,,
788.0,71.0,72.0,597.0,32.0,0.0,3.0,0.0,0.0,,0.0,9343.0,0.0,,,6.0,0.0,,0.0,2.0,0.0,0.0,0.0,0.0,0.0,,,,
789.0,71.0,72.0,,,,,,,,,,,,,,,,,,,,,,,,,,
790.0,71.0,72.0,,,,,,,,,,,,,,,,,,,,,,,,,,
791.0,71.0,72.0,564.0,8.0,0.0,0.0,1.0,0.0,,391.0,0.0,0.0,2019-11-03,,0.0,0.0,,0.0,0.0,0.0,0.0,0.0,0.0,-391.0,21.0,,,
792.0,71.0,72.0,0.0,0.0,,0.0,0.0,,,0.0,,,,,0.0,,,,,0.0,0.0,,,0.0,,,,
793.0,69.0,70.0,,0.0,0.0,0.0,4.0,0.0,,3303.0,1120.0,,2017-08-24,,1.0,0.0,,,,0.0,,,,-3303.0,135.0,,,
794.0,69.0,70.0,478.0,,,,0.0,0.0,,0.0,4737.0,,,2019-09-21,,,,,4.0,3.0,14716.0,1.0,414.0,0.0,,,27.0,
795.0,69.0,70.0,441.0,12.0,,7.0,0.0,0.0,,0.0,0.0,0.0,,,7.0,0.0,,0.0,0.0,0.0,0.0,1.0,162.0,0.0,,,,
796.0,69.0,70.0,611.0,,,,0.0,0.0,,0.0,0.0,,,,,,,,0.0,0.0,0.0,0.0,0.0,0.0,,,,
797.0,69.0,70.0,487.0,,,,0.0,0.0,,0.0,0.0,,,,,,,,0.0,0.0,0.0,1.0,442.0,0.0,,,,
798.0,69.0,70.0,,0.0,0.0,0.0,6.0,0.0,,5094.0,5094.0,,2016-08-10,,1.0,0.0,,,,,,,,-5094.0,189.0,,,
799.0,69.0,70.0,463.0,2.0,0.0,1.0,0.0,0.0,,0.0,320.0,0.0,,2020-02-06,3.0,,,0.0,1.0,2.0,539.0,1.0,187.0,0.0,,,7.0,
800.0,69.0,70.0,489.0,,,,0.0,0.0,,0.0,0.0,,,,,,,,,0.0,0.0,,,0.0,,,,
801.0,69.0,70.0,,,,,,,,,,,,,,,,,,,,,,,,,,
802.0,69.0,70.0,604.0,,,,0.0,0.0,,0.0,0.0,,,,,,,,0.0,0.0,0.0,0.0,0.0,0.0,,,,
803.0,66.0,68.0,,,,,,,,,,,,,,,,,,,,,,,,,,
804.0,66.0,68.0,,,,,,,,,,,,,,,,,,,,,,,,,,
805.0,66.0,68.0,,,,,,,,,,,,,,,,,,,,,,,,,,
806.0,66.0,68.0,0.0,,,,0.0,0.0,,0.0,0.0,,,,,,,,,0.0,0.0,2.0,1023.0,0.0,,,,
807.0,66.0,68.0,556.0,16.0,0.0,6.0,3.0,0.0,,836.0,,,2017-05-03,,2.0,0.0,,,,,,,,-836.0,151.0,,,
808.0,66.0,68.0,,,,,,,,,,,,,,0.0,,,,,,,,,,,,
809.0,66.0,68.0,534.0,1.0,21986.0,0.0,2.0,0.0,,1168.0,,,2018-05-20,,12.0,0.0,,,,,,,,-1168.0,97.0,,,
810.0,66.0,68.0,,,,,,,,,,,,,,,,,,,,,,,,,,
811.0,66.0,68.0,,0.0,0.0,0.0,0.0,0.0,,5945.0,,,2018-05-14,,0.0,0.0,,,,,,,,-5945.0,97.0,,,
812.0,66.0,68.0,,,,,,,,,,,,,,,,,,,,,,,,,,
813.0,66.0,68.0,,,,,,,,,,,,,,,,,,,,,,,,,,
814.0,62.0,65.0,543.0,7.0,0.0,3.0,13.0,0.0,,9713.0,5957.0,,2014-10-28,,2.0,0.0,,,,0.0,,,,-9713.0,282.0,,,
815.0,62.0,65.0,,,,,,,,,,,,,,,,,,,,,,,,,,
816.0,62.0,65.0,611.0,,,,0.0,0.0,,0.0,0.0,,,2013-07-18,,,,,,1.0,0.0,0.0,0.0,0.0,,,349.0,
817.0,62.0,65.0,441.0,5.0,1.0,0.0,1.0,0.0,,250.0,544.0,28838.0,2020-01-16,2020-01-02,7.0,0.0,,1.0,1.0,7.0,26904.0,0.0,0.0,-250.0,10.0,,12.0,
818.0,62.0,65.0,547.0,6.0,0.0,0.0,2.0,0.0,,552.0,1299.0,0.0,2019-12-14,2019-09-30,13.0,0.0,,0.0,1.0,1.0,0.0,0.0,0.0,-552.0,15.0,,26.0,
819.0,62.0,65.0,0.0,0.0,,,0.0,,,0.0,,,,2019-06-13,,,,,,2.0,0.0,,,0.0,,,41.0,
820.0,62.0,65.0,,0.0,0.0,0.0,0.0,0.0,,0.0,,,,,1.0,0.0,,,,,,,,0.0,,,,
821.0,62.0,65.0,,,,,,,,,,,,,,,,,,,,,,,,,,
822.0,62.0,65.0,593.0,,,,0.0,0.0,,0.0,69.0,,,2017-01-17,,,,,1.0,1.0,1854.0,0.0,0.0,0.0,,,166.0,
823.0,62.0,65.0,520.0,3.0,0.0,0.0,14.0,0.0,,5823.0,5823.0,0.0,2017-05-08,2017-03-17,0.0,,,0.0,14.0,1.0,3284.0,,,-5823.0,150.0,,158.0,
824.0,62.0,65.0,458.0,3.0,60229.0,0.0,3.0,0.0,,4026.0,,,2018-09-21,,3.0,0.0,,,,,,,,-4026.0,79.0,,,
825.0,57.0,61.0,0.0,0.0,0.0,0.0,0.0,0.0,,0.0,0.0,0.0,,,0.0,0.0,,0.0,0.0,0.0,0.0,0.0,0.0,0.0,,,,
826.0,57.0,61.0,,,,,,,,,,,,,,,,,,,,,,,,,,
827.0,57.0,61.0,,,,,,,,,,,,,,,,,,,,,,,,,,
828.0,57.0,61.0,,,,,,,,,,,,,,,,,,,,,,,,,,
829.0,57.0,61.0,,,,,,,,,,,,,,,,,,,,,,,,,,
830.0,57.0,61.0,,,,,,,,,,,,,,,,,,,,,,,,,,
831.0,57.0,61.0,723.0,,,,0.0,0.0,,0.0,0.0,,,,,,,,0.0,0.0,0.0,0.0,0.0,0.0,,,,
832.0,57.0,61.0,,,,,,,,,,,,,,,,,,,,,,,,,,
833.0,57.0,61.0,,,,,,,,,,,,,,,,,,,,,,,,,,
834.0,57.0,61.0,,,,,,,,,,,,,,,,,,,,,,,,,,
835.0,57.0,61.0,0.0,0.0,0.0,0.0,0.0,0.0,,0.0,0.0,0.0,,,0.0,0.0,,0.0,0.0,0.0,0.0,0.0,0.0,0.0,,,,
836.0,47.0,54.0,587.0,2.0,0.0,1.0,2.0,0.0,,687.0,518.0,,2014-04-25,,0.0,0.0,,,,0.0,,,,-687.0,309.0,,,
837.0,47.0,54.0,545.0,,,,1.0,0.0,,865.0,0.0,,,2017-11-03,,,,,0.0,3.0,5738.0,1.0,894.0,-865.0,,,125.0,
838.0,47.0,54.0,476.0,19.0,92346.0,0.0,8.0,0.0,,9676.0,535.0,,2015-10-07,,0.0,0.0,,,,,,,,-9676.0,233.0,,,
839.0,47.0,54.0,0.0,,,,0.0,0.0,,0.0,0.0,,,,,,,,0.0,,0.0,0.0,0.0,0.0,,,,
840.0,47.0,54.0,,0.0,0.0,0.0,0.0,0.0,,0.0,,,,,0.0,0.0,,,,,,,,0.0,,,,
841.0,47.0,54.0,461.0,4.0,20546.0,0.0,13.0,0.0,,17128.0,17128.0,,2015-11-30,,2.0,0.0,,,,,,,,-17128.0,225.0,,,
842.0,47.0,54.0,,1.0,0.0,1.0,9.0,0.0,,12525.0,11549.0,,2016-10-11,,4.0,0.0,,,,0.0,,,,-12525.0,180.0,,,
843.0,47.0,54.0,497.0,5.0,,3.0,1.0,,,160.0,0.0,,2019-09-10,,31.0,,,,0.0,0.0,0.0,,,-160.0,28.0,,,
844.0,47.0,54.0,,,,,,,,,,,,,,,,,,,,,,,,,,
845.0,47.0,54.0,510.0,0.0,0.0,0.0,2.0,0.0,,4273.0,,,2017-08-01,,2.0,0.0,,,,,,,,-4273.0,138.0,,,
846.0,47.0,54.0,,,,,,,,,,,,,,,,,,,,,,,,,,
847.0,47.0,54.0,489.0,19.0,144729.0,3.0,6.0,0.0,,4589.0,,,2016-11-16,,4.0,0.0,,,,0.0,,,,-4589.0,175.0,,,
848.0,30.0,45.0,,0.0,0.0,0.0,11.0,0.0,,10528.0,5330.0,,2016-08-24,,0.0,0.0,,,,,,,,-10528.0,187.0,,,
849.0,30.0,45.0,565.0,3.0,13122.0,2.0,1.0,0.0,,469.0,,,2018-11-06,,1.0,0.0,,,,,,,,-469.0,72.0,,,
850.0,30.0,45.0,,0.0,0.0,0.0,2.0,0.0,,1804.0,,,2019-06-10,,1.0,0.0,,,,,,,,-1804.0,42.0,,,
851.0,30.0,45.0,0.0,,,,0.0,0.0,,0.0,0.0,,,2019-09-08,,,,,0.0,1.0,382.0,0.0,0.0,0.0,,,29.0,
852.0,30.0,45.0,,,,,,,,,,,,,,,,,,,,,,,,,,
853.0,30.0,45.0,,,,,,,,,,,,,,,,,,,,,,,,,,
854.0,30.0,45.0,,0.0,2762.0,0.0,2.0,0.0,,2398.0,844.0,,2019-11-28,,2.0,0.0,,,,,,,,-2398.0,17.0,,,
855.0,30.0,45.0,496.0,,,,1.0,0.0,,0.0,486.0,,,2017-02-22,,,,,,2.0,5618.0,1.0,1050.0,0.0,,,161.0,
856.0,30.0,45.0,664.0,10.0,0.0,0.0,0.0,,,0.0,,,,,1.0,0.0,,,,0.0,,,,0.0,,,,
857.0,30.0,45.0,,1.0,0.0,0.0,0.0,0.0,,0.0,,,,,1.0,0.0,,,,,,,,0.0,,,,
858.0,30.0,45.0,545.0,,,,2.0,0.0,,2096.0,3823.0,,,2013-12-20,,,,,,4.0,2586.0,,,-2096.0,,,327.0,
859.0,0.0,28.0,465.0,22.0,78068.0,5.0,6.0,0.0,,2354.0,,,2014-07-25,,11.0,0.0,,,,,,,,-2354.0,296.0,,,
860.0,0.0,28.0,,0.0,0.0,0.0,2.0,0.0,,227.0,80.0,,2017-11-21,,1.0,0.0,,,,0.0,,,,-227.0,122.0,,,
861.0,0.0,28.0,640.0,7.0,25546.0,0.0,1.0,0.0,,949.0,,,2014-06-05,,6.0,1.0,2018-08-16,,,0.0,,,,-949.0,303.0,,,84.0
862.0,0.0,28.0,567.0,3.0,9856.0,1.0,1.0,0.0,,1577.0,,,2015-07-30,,2.0,0.0,,,,,,,,-1577.0,243.0,,,
863.0,0.0,28.0,495.0,0.0,0.0,0.0,5.0,0.0,,3245.0,2494.0,,2019-08-24,,0.0,0.0,,,,,,,,-3245.0,31.0,,,
864.0,0.0,28.0,495.0,0.0,0.0,0.0,5.0,0.0,,2904.0,434.0,,2014-12-22,,6.0,0.0,,,,0.0,,,,-2904.0,274.0,,,
865.0,0.0,28.0,,,,,,,,,,,,,,0.0,,,,,,,,,,,,
866.0,0.0,28.0,,0.0,0.0,0.0,0.0,0.0,,0.0,,,,,2.0,0.0,,,,,,,,0.0,,,,
867.0,0.0,28.0,,0.0,0.0,0.0,4.0,0.0,,3328.0,,,2015-02-25,,0.0,0.0,,,,,,,,-3328.0,265.0,,,
868.0,0.0,28.0,,,,,,,,,,,,,,,,,,,,,,,,,,
869.0,0.0,28.0,528.0,2.0,0.0,0.0,3.0,0.0,,5219.0,86.0,,2016-10-18,,2.0,0.0,,,,,,,,-5219.0,179.0,,,
870.0,0.0,28.0,556.0,20.0,15563.0,10.0,3.0,0.0,,492.0,,,2016-03-03,,2.0,0.0,,,,0.0,,,,-492.0,212.0,,,
871.0,0.0,28.0,,0.0,0.0,0.0,1.0,,,305.0,0.0,0.0,2018-03-12,,4.0,0.0,,,,,,,,-305.0,106.0,,,
872.0,0.0,28.0,546.0,0.0,0.0,0.0,2.0,0.0,,529.0,,318.0,2015-10-05,,0.0,0.0,,,,,,,,-529.0,233.0,,,
873.0,0.0,28.0,,,,,,,,,,,,,,,,,,,,,,,,,,
874.0,0.0,28.0,,,,,,,,,,,,,,,,,,,,,,,,,,
875.0,0.0,28.0,,0.0,0.0,0.0,8.0,0.0,,1822.0,922.0,,2013-02-05,,0.0,0.0,,,,,,,,-1822.0,372.0,,,
876.0,0.0,28.0,641.0,0.0,0.0,0.0,2.0,0.0,,903.0,850.0,,2014-10-06,,0.0,0.0,,,,,,,,-903.0,285.0,,,
877.0,0.0,28.0,609.0,3.0,1504.0,2.0,1.0,0.0,,123.0,123.0,,2018-07-19,,0.0,0.0,,,,,,,,-123.0,88.0,,,
878.0,0.0,28.0,512.0,5.0,1251.0,0.0,5.0,0.0,,10452.0,9991.0,,2015-06-11,,8.0,0.0,,,,,,,,-10452.0,250.0,,,
879.0,0.0,28.0,,,,,,,,,,,,,,,,,,,,,,,,,,
880.0,0.0,28.0,493.0,0.0,0.0,0.0,15.0,0.0,,17575.0,2010.0,,2015-09-17,,4.0,0.0,,,,,,,,-17575.0,236.0,,,
