sleep,wake,exercise_hours,mood
2016-01-01 05:28:00+00:00,2016-01-01 12:02:00+00:00,0,3.5
2016-01-02 07:22:00+00:00,2016-01-02 11:39:00+00:00,0,3
2016-01-03 07:31:00+00:00,2016-01-03 11:55:00+00:00,0.76,3
2016-01-04 01:53:00+00:00,2016-01-04 11:12:00+00:00,1.28,3
2016-01-05 02:29:00+00:00,2016-01-05 10:49:00+00:00,0,3
2016-01-06 02:26:00+00:00,2016-01-06 11:02:00+00:00,,3
2016-01-07 00:38:00+00:00,2016-01-07 09:48:00+00:00,3.22,
2016-01-08 03:20:00+00:00,2016-01-08 10:31:00+00:00,0,3.5
2016-01-09 05:33:00+00:00,2016-01-09 10:54:00+00:00,0,3
2016-01-10 07:32:00+00:00,2016-01-10 12:12:00+00:00,2.92,3
2016-01-11 02:31:00+00:00,2016-01-11 11:22:00+00:00,1.93,
2016-01-12 02:26:00+00:00,2016-01-12 11:47:00+00:00,,3.5
2016-01-13 02:42:00+00:00,2016-01-13 12:02:00+00:00,0,3.5
2016-01-14 02:08:00+00:00,2016-01-14 10:26:00+00:00,2.61,4
2016-01-15 02:37:00+00:00,2016-01-15 11:06:00+00:00,0,4
2016-01-16 05:30:00+00:00,2016-01-16 11:35:00+00:00,,3.5
2016-01-17 07:27:00+00:00,2016-01-17 13:03:00+00:00,1.24,3.5
2016-01-18 02:06:00+00:00,2016-01-18 10:58:00+00:00,2.67,4
2016-01-19 03:45:00+00:00,2016-01-19 10:24:00+00:00,0,
2016-01-20 02:30:00+00:00,2016-01-20 11:43:00+00:00,0,3.5
2016-01-21 02:49:00+00:00,2016-01-21 12:04:00+00:00,,4
2016-01-22 03:35:00+00:00,2016-01-22 12:34:00+00:00,,4
2016-01-23 07:32:00+00:00,2016-01-23 12:01:00+00:00,0,3.5
2016-01-24 07:33:00+00:00,2016-01-24 14:25:00+00:00,0,3.5
2016-01-25 01:58:00+00:00,2016-01-25 10:13:00+00:00,,3.5
2016-01-26 03:30:00+00:00,2016-01-26 12:22:00+00:00,,3.5
2016-01-27 03:33:00+00:00,2016-01-27 09:47:00+00:00,0,3.5
2016-01-28 02:43:00+00:00,2016-01-28 11:28:00+00:00,,3.5
2016-01-29 02:27:00+00:00,2016-01-29 09:48:00+00:00,0,3.5
2016-01-30 05:25:00+00:00,2016-01-30 13:07:00+00:00,0,3.5
2016-01-31 05:35:00+00:00,2016-01-31 10:53:00+00:00,,3
2016-02-01 02:16:00+00:00,2016-02-01 12:18:00+00:00,0.59,3.5
2016-02-02 03:33:00+00:00,2016-02-02 11:06:00+00:00,0,3.5
2016-02-03 02:29:00+00:00,2016-02-03 11:12:00+00:00,0,3.5
2016-02-04 02:30:00+00:00,2016-02-04 09:35:00+00:00,,3.5
2016-02-05 01:46:00+00:00,2016-02-05 09:31:00+00:00,1.3,
2016-02-06 06:35:00+00:00,2016-02-06 13:38:00+00:00,0,3.5
2016-02-07 06:41:00+00:00,2016-02-07 12:19:00+00:00,2.35,3.5
2016-02-08 01:50:00+00:00,2016-02-08 10:21:00+00:00,1.53,3.5
2016-02-09 03:36:00+00:00,2016-02-09 10:59:00+00:00,0,3.5
2016-02-10 03:26:00+00:00,2016-02-10 12:25:00+00:00,0,3.5
2016-02-11 03:01:00+00:00,2016-02-11 10:53:00+00:00,,3.5
2016-02-12 02:28:00+00:00,2016-02-12 09:59:00+00:00,2.13,4
2016-02-13 07:33:00+00:00,2016-02-13 12:08:00+00:00,0,3.5
2016-02-14 07:29:00+00:00,2016-02-14 11:15:00+00:00,2.19,
2016-02-15 03:21:00+00:00,2016-02-15 11:26:00+00:00,,
2016-02-16 02:24:00+00:00,2016-02-16 09:39:00+00:00,0,3
2016-02-17 03:27:00+00:00,2016-02-17 11:38:00+00:00,0,3
2016-02-18 02:20:00+00:00,2016-02-18 09:59:00+00:00,,3
2016-02-19 02:32:00+00:00,2016-02-19 10:26:00+00:00,0,
2016-02-20 03:35:00+00:00,2016-02-20 11:08:00+00:00,0,3
2016-02-21 05:40:00+00:00,2016-02-21 12:02:00+00:00,1.47,3
2016-02-22 01:48:00+00:00,2016-02-22 11:14:00+00:00,3.35,3.5
2016-02-23 03:32:00+00:00,2016-02-23 11:12:00+00:00,0,3.5
2016-02-24 02:31:00+00:00,2016-02-24 11:25:00+00:00,0,3.5
2016-02-25 01:24:00+00:00,2016-02-25 11:50:00+00:00,1.99,4
2016-02-26 03:38:00+00:00,2016-02-26 10:20:00+00:00,0,
2016-02-27 07:40:00+00:00,2016-02-27 11:22:00+00:00,,3.5
2016-02-28 05:24:00+00:00,2016-02-28 11:31:00+00:00,,3
2016-02-29 01:15:00+00:00,2016-02-29 10:49:00+00:00,2.51,3.5
2016-03-01 03:31:00+00:00,2016-03-01 10:57:00+00:00,0,3.5
2016-03-02 03:31:00+00:00,2016-03-02 11:39:00+00:00,,3.5
2016-03-03 02:49:00+00:00,2016-03-03 10:44:00+00:00,1.33,3.5
2016-03-04 03:24:00+00:00,2016-03-04 11:20:00+00:00,0,3.5
2016-03-05 06:21:00+00:00,2016-03-05 12:09:00+00:00,,3
2016-03-06 05:30:00+00:00,2016-03-06 13:39:00+00:00,0,3
2016-03-07 01:17:00+00:00,2016-03-07 10:40:00+00:00,2.57,
2016-03-08 02:16:00+00:00,2016-03-08 10:46:00+00:00,0,3.5
2016-03-09 02:23:00+00:00,2016-03-09 09:05:00+00:00,,3.5
2016-03-10 02:34:00+00:00,2016-03-10 10:56:00+00:00,2,4
2016-03-11 03:20:00+00:00,2016-03-11 11:08:00+00:00,,
2016-03-12 07:28:00+00:00,2016-03-12 11:38:00+00:00,,
2016-03-13 05:24:00+00:00,2016-03-13 09:56:00+00:00,,
2016-03-14 00:08:00+00:00,2016-03-14 10:37:00+00:00,2.31,
2016-03-15 01:26:00+00:00,2016-03-15 10:04:00+00:00,0,3.5
2016-03-16 01:22:00+00:00,2016-03-16 08:58:00+00:00,,3.5
2016-03-17 01:15:00+00:00,2016-03-17 11:12:00+00:00,2.47,4
2016-03-18 02:28:00+00:00,2016-03-18 09:44:00+00:00,0,4
2016-03-19 05:28:00+00:00,2016-03-19 11:59:00+00:00,0,4
2016-03-20 04:26:00+00:00,2016-03-20 10:48:00+00:00,,3.5
2016-03-21 01:27:00+00:00,2016-03-21 09:36:00+00:00,0,3.5
2016-03-22 01:33:00+00:00,2016-03-22 10:36:00+00:00,0,3.5
2016-03-23 01:30:00+00:00,2016-03-23 10:08:00+00:00,0,3.5
2016-03-24 02:06:00+00:00,2016-03-24 09:34:00+00:00,0.88,3.5
2016-03-25 04:29:00+00:00,2016-03-25 12:10:00+00:00,0,3.5
2016-03-26 06:26:00+00:00,2016-03-26 12:00:00+00:00,0,3.5
2016-03-27 06:29:00+00:00,2016-03-27 11:48:00+00:00,,3
2016-03-28 00:24:00+00:00,2016-03-28 08:17:00+00:00,2.2,3.5
2016-03-29 01:27:00+00:00,2016-03-29 10:27:00+00:00,0,
2016-03-30 02:23:00+00:00,2016-03-30 10:53:00+00:00,,3.5
2016-03-31 00:38:00+00:00,2016-03-31 10:32:00+00:00,1.7,
2016-04-01 02:26:00+00:00,2016-04-01 11:42:00+00:00,0,4
2016-04-02 05:45:00+00:00,2016-04-02 11:13:00+00:00,0,4
2016-04-03 06:35:00+00:00,2016-04-03 09:52:00+00:00,3.16,3.5
2016-04-04 00:48:00+00:00,2016-04-04 10:28:00+00:00,1.41,
2016-04-05 02:30:00+00:00,2016-04-05 10:06:00+00:00,0,4
2016-04-06 02:24:00+00:00,2016-04-06 10:44:00+00:00,,
2016-04-07 00:02:00+00:00,2016-04-07 09:23:00+00:00,2.68,
2016-04-08 02:40:00+00:00,2016-04-08 10:17:00+00:00,0,4.5
2016-04-09 06:29:00+00:00,2016-04-09 11:26:00+00:00,0,
2016-04-10 04:24:00+00:00,2016-04-10 10:38:00+00:00,2.52,4
2016-04-11 01:59:00+00:00,2016-04-11 10:23:00+00:00,0.6,
2016-04-12 02:32:00+00:00,2016-04-12 09:57:00+00:00,0,
2016-04-13 01:28:00+00:00,2016-04-13 08:44:00+00:00,0,4
2016-04-14 01:05:00+00:00,2016-04-14 09:28:00+00:00,0.9,
2016-04-15 01:28:00+00:00,2016-04-15 10:00:00+00:00,0,4
2016-04-16 06:30:00+00:00,2016-04-16 10:38:00+00:00,0,3.5
2016-04-17 02:18:00+00:00,2016-04-17 13:40:00+00:00,0.54,4
2016-04-18 00:49:00+00:00,2016-04-18 08:53:00+00:00,1.3,4
2016-04-19 01:25:00+00:00,2016-04-19 08:54:00+00:00,,4
2016-04-20 01:27:00+00:00,2016-04-20 09:45:00+00:00,,4
2016-04-21 06:37:00+00:00,2016-04-21 10:05:00+00:00,1.99,4
2016-04-22 02:34:00+00:00,2016-04-22 11:47:00+00:00,0,4
2016-04-23 06:32:00+00:00,2016-04-23 10:34:00+00:00,0,3.5
2016-04-24 01:46:00+00:00,2016-04-24 11:31:00+00:00,1.66,4
2016-04-25 06:32:00+00:00,2016-04-25 10:02:00+00:00,1.88,
2016-04-26 01:32:00+00:00,2016-04-26 09:04:00+00:00,0,3.5
2016-04-27 01:28:00+00:00,2016-04-27 09:59:00+00:00,0,3.5
2016-04-28 00:29:00+00:00,2016-04-28 09:17:00+00:00,,
2016-04-29 02:33:00+00:00,2016-04-29 10:31:00+00:00,0,
2016-04-30 02:33:00+00:00,2016-04-30 11:58:00+00:00,0,4
2016-05-01 04:24:00+00:00,2016-05-01 11:05:00+00:00,1.44,4
2016-05-02 02:32:00+00:00,2016-05-02 10:19:00+00:00,0,4
2016-05-03 01:33:00+00:00,2016-05-03 08:21:00+00:00,0,3.5
2016-05-04 01:37:00+00:00,2016-05-04 09:34:00+00:00,0,3.5
2016-05-05 00:42:00+00:00,2016-05-05 11:24:00+00:00,1.28,4
2016-05-06 01:19:00+00:00,2016-05-06 10:23:00+00:00,,4
2016-05-07 05:28:00+00:00,2016-05-07 10:20:00+00:00,0,4
2016-05-08 06:27:00+00:00,2016-05-08 10:24:00+00:00,0,3.5
2016-05-09 01:31:00+00:00,2016-05-09 09:57:00+00:00,2.06,3.5
2016-05-10 01:28:00+00:00,2016-05-10 10:27:00+00:00,0,4
2016-05-11 01:14:00+00:00,2016-05-11 10:48:00+00:00,,4
2016-05-12 01:55:00+00:00,2016-05-12 10:47:00+00:00,1.29,
2016-05-13 01:37:00+00:00,2016-05-13 09:40:00+00:00,0,4
2016-05-14 05:25:00+00:00,2016-05-14 11:46:00+00:00,,4
2016-05-15 05:21:00+00:00,2016-05-15 10:59:00+00:00,2.7,4
2016-05-15 23:58:00+00:00,2016-05-16 08:57:00+00:00,2.8,
2016-05-17 01:25:00+00:00,2016-05-17 09:16:00+00:00,0,4.5
2016-05-18 01:31:00+00:00,2016-05-18 09:15:00+00:00,0,4.5
2016-05-19 01:35:00+00:00,2016-05-19 10:00:00+00:00,1.94,4.5
2016-05-20 02:31:00+00:00,2016-05-20 09:00:00+00:00,,4.5
2016-05-21 06:32:00+00:00,2016-05-21 12:20:00+00:00,0,4
2016-05-22 06:25:00+00:00,2016-05-22 11:54:00+00:00,1.3,4
2016-05-23 04:38:00+00:00,2016-05-23 12:26:00+00:00,,4.5
2016-05-24 01:26:00+00:00,2016-05-24 10:02:00+00:00,0,4.5
2016-05-25 02:14:00+00:00,2016-05-25 09:45:00+00:00,0.35,4.5
2016-05-26 00:30:00+00:00,2016-05-26 11:09:00+00:00,,
2016-05-27 01:38:00+00:00,2016-05-27 10:27:00+00:00,0,5
2016-05-28 06:24:00+00:00,2016-05-28 11:14:00+00:00,,5
2016-05-29 05:29:00+00:00,2016-05-29 11:43:00+00:00,1.68,
2016-05-30 02:25:00+00:00,2016-05-30 10:21:00+00:00,,
2016-05-31 01:23:00+00:00,2016-05-31 09:16:00+00:00,,5
2016-06-01 01:41:00+00:00,2016-06-01 10:16:00+00:00,0,5
2016-06-02 01:40:00+00:00,2016-06-02 08:59:00+00:00,1.38,5
2016-06-03 02:25:00+00:00,2016-06-03 09:23:00+00:00,0,5
2016-06-04 04:39:00+00:00,2016-06-04 11:40:00+00:00,0,4.5
2016-06-05 04:36:00+00:00,2016-06-05 09:49:00+00:00,,4.5
2016-06-06 01:23:00+00:00,2016-06-06 10:35:00+00:00,2.1,5
2016-06-07 01:31:00+00:00,2016-06-07 08:45:00+00:00,0,
2016-06-08 01:25:00+00:00,2016-06-08 07:19:00+00:00,,4.5
2016-06-09 00:30:00+00:00,2016-06-09 10:26:00+00:00,2.03,
2016-06-10 02:40:00+00:00,2016-06-10 09:27:00+00:00,0,5
2016-06-11 04:40:00+00:00,2016-06-11 12:47:00+00:00,0,5
2016-06-12 05:31:00+00:00,2016-06-12 11:38:00+00:00,,5
2016-06-13 01:50:00+00:00,2016-06-13 10:09:00+00:00,1.05,5
2016-06-14 02:34:00+00:00,2016-06-14 09:40:00+00:00,0,
2016-06-15 01:38:00+00:00,2016-06-15 10:04:00+00:00,0,5
2016-06-16 01:18:00+00:00,2016-06-16 10:37:00+00:00,2.27,5.5
2016-06-17 01:24:00+00:00,2016-06-17 10:52:00+00:00,0,5.5
2016-06-18 05:28:00+00:00,2016-06-18 11:04:00+00:00,1.29,5.5
2016-06-19 05:30:00+00:00,2016-06-19 09:38:00+00:00,2.45,5
2016-06-20 01:45:00+00:00,2016-06-20 09:25:00+00:00,2.05,
2016-06-21 02:37:00+00:00,2016-06-21 12:12:00+00:00,0,5.5
2016-06-22 01:25:00+00:00,2016-06-22 09:13:00+00:00,0,5.5
2016-06-23 01:00:00+00:00,2016-06-23 09:23:00+00:00,0.76,
2016-06-24 01:18:00+00:00,2016-06-24 10:43:00+00:00,0,6
2016-06-25 06:38:00+00:00,2016-06-25 11:42:00+00:00,,5.5
2016-06-26 05:32:00+00:00,2016-06-26 09:54:00+00:00,2.09,5.5
2016-06-26 23:56:00+00:00,2016-06-27 10:05:00+00:00,3.23,6
2016-06-28 02:33:00+00:00,2016-06-28 09:29:00+00:00,0,
2016-06-29 01:31:00+00:00,2016-06-29 09:53:00+00:00,0,
2016-06-30 01:14:00+00:00,2016-06-30 09:15:00+00:00,,
2016-07-01 04:26:00+00:00,2016-07-01 11:08:00+00:00,,6
2016-07-02 05:37:00+00:00,2016-07-02 11:07:00+00:00,,
2016-07-03 06:31:00+00:00,2016-07-03 10:47:00+00:00,0,5
2016-07-04 00:37:00+00:00,2016-07-04 08:59:00+00:00,1.69,5.5
2016-07-05 01:38:00+00:00,2016-07-05 11:32:00+00:00,0,5.5
2016-07-06 04:24:00+00:00,2016-07-06 11:16:00+00:00,,5.5
2016-07-07 00:48:00+00:00,2016-07-07 07:02:00+00:00,1.66,5.5
2016-07-08 01:31:00+00:00,2016-07-08 10:12:00+00:00,,5.5
2016-07-09 02:22:00+00:00,2016-07-09 10:17:00+00:00,0,5.5
2016-07-10 01:06:00+00:00,2016-07-10 10:43:00+00:00,2.96,6
2016-07-11 01:58:00+00:00,2016-07-11 09:13:00+00:00,,6
2016-07-12 02:37:00+00:00,2016-07-12 12:53:00+00:00,0,6.5
2016-07-13 02:24:00+00:00,2016-07-13 10:45:00+00:00,0,
2016-07-14 01:19:00+00:00,2016-07-14 07:19:00+00:00,2.21,
2016-07-15 01:32:00+00:00,2016-07-15 11:48:00+00:00,0,6.5
2016-07-16 04:36:00+00:00,2016-07-16 10:51:00+00:00,,6.5
2016-07-17 04:33:00+00:00,2016-07-17 11:05:00+00:00,0.68,6.5
2016-07-18 00:31:00+00:00,2016-07-18 10:09:00+00:00,,7
2016-07-19 01:41:00+00:00,2016-07-19 10:47:00+00:00,0,7
2016-07-20 02:27:00+00:00,2016-07-20 11:53:00+00:00,0,
2016-07-21 01:04:00+00:00,2016-07-21 10:52:00+00:00,,
2016-07-22 02:24:00+00:00,2016-07-22 10:39:00+00:00,,7.5
2016-07-23 06:29:00+00:00,2016-07-23 10:25:00+00:00,,7
2016-07-24 05:35:00+00:00,2016-07-24 11:14:00+00:00,0,
2016-07-25 00:59:00+00:00,2016-07-25 10:06:00+00:00,1.02,7
2016-07-26 02:35:00+00:00,2016-07-26 09:53:00+00:00,0,7
2016-07-27 02:26:00+00:00,2016-07-27 10:42:00+00:00,0,7
2016-07-28 01:18:00+00:00,2016-07-28 08:10:00+00:00,0,
2016-07-29 06:38:00+00:00,2016-07-29 10:57:00+00:00,0,6.5
2016-07-30 02:24:00+00:00,2016-07-30 12:44:00+00:00,,6.5
2016-07-31 06:30:00+00:00,2016-07-31 12:25:00+00:00,0,6.5
2016-08-01 01:22:00+00:00,2016-08-01 12:35:00+00:00,1.94,7
2016-08-02 05:25:00+00:00,2016-08-02 09:00:00+00:00,,6.5
2016-08-03 02:36:00+00:00,2016-08-03 10:06:00+00:00,0,6.5
2016-08-04 01:45:00+00:00,2016-08-04 08:10:00+00:00,1.61,6.5
2016-08-05 01:30:00+00:00,2016-08-05 08:52:00+00:00,,
2016-08-06 02:32:00+00:00,2016-08-06 10:04:00+00:00,,
2016-08-07 01:57:00+00:00,2016-08-07 13:07:00+00:00,1.11,7
2016-08-08 01:30:00+00:00,2016-08-08 08:46:00+00:00,2.36,7
2016-08-09 01:35:00+00:00,2016-08-09 10:15:00+00:00,0,7
2016-08-10 02:32:00+00:00,2016-08-10 08:57:00+00:00,,
2016-08-11 01:19:00+00:00,2016-08-11 09:14:00+00:00,0,
2016-08-12 01:22:00+00:00,2016-08-12 10:06:00+00:00,0,
2016-08-13 04:33:00+00:00,2016-08-13 09:11:00+00:00,0,
2016-08-14 06:38:00+00:00,2016-08-14 11:20:00+00:00,1.55,
2016-08-15 02:34:00+00:00,2016-08-15 11:15:00+00:00,0,6.5
2016-08-16 02:32:00+00:00,2016-08-16 14:20:00+00:00,0,7
2016-08-17 05:26:00+00:00,2016-08-17 10:30:00+00:00,,
2016-08-18 05:25:00+00:00,2016-08-18 07:55:00+00:00,0,
2016-08-19 02:31:00+00:00,2016-08-19 11:16:00+00:00,0,
2016-08-20 02:39:00+00:00,2016-08-20 12:05:00+00:00,,6
2016-08-21 01:33:00+00:00,2016-08-21 11:16:00+00:00,2.17,6.5
2016-08-22 01:48:00+00:00,2016-08-22 09:05:00+00:00,1.26,6.5
2016-08-23 01:45:00+00:00,2016-08-23 10:57:00+00:00,0,
2016-08-24 02:31:00+00:00,2016-08-24 10:07:00+00:00,0,6.5
2016-08-25 00:15:00+00:00,2016-08-25 12:02:00+00:00,2.33,
2016-08-26 02:23:00+00:00,2016-08-26 09:52:00+00:00,0,7.5
2016-08-27 06:27:00+00:00,2016-08-27 11:25:00+00:00,,7
2016-08-28 05:40:00+00:00,2016-08-28 10:51:00+00:00,1.18,
2016-08-29 00:23:00+00:00,2016-08-29 07:50:00+00:00,2.2,
2016-08-30 05:26:00+00:00,2016-08-30 10:48:00+00:00,0,
2016-08-31 02:28:00+00:00,2016-08-31 08:52:00+00:00,0,6.5
2016-09-01 01:20:00+00:00,2016-09-01 08:52:00+00:00,,
2016-09-02 02:25:00+00:00,2016-09-02 10:19:00+00:00,0,6.5
2016-09-03 02:26:00+00:00,2016-09-03 11:59:00+00:00,0,7
2016-09-04 01:57:00+00:00,2016-09-04 14:53:00+00:00,0.99,7.5
2016-09-05 04:34:00+00:00,2016-09-05 13:26:00+00:00,1.34,8
2016-09-06 02:22:00+00:00,2016-09-06 09:22:00+00:00,,7.5
2016-09-07 02:39:00+00:00,2016-09-07 11:15:00+00:00,,7.5
2016-09-08 02:38:00+00:00,2016-09-08 08:47:00+00:00,0,7.5
2016-09-09 02:30:00+00:00,2016-09-09 08:52:00+00:00,0,7
2016-09-10 04:31:00+00:00,2016-09-10 09:52:00+00:00,0,
2016-09-11 04:26:00+00:00,2016-09-11 09:47:00+00:00,1.69,7
2016-09-12 00:29:00+00:00,2016-09-12 10:35:00+00:00,1.83,7.5
2016-09-13 02:42:00+00:00,2016-09-13 09:24:00+00:00,0,7
2016-09-14 00:53:00+00:00,2016-09-14 10:13:00+00:00,1.4,7.5
2016-09-15 00:27:00+00:00,2016-09-15 09:36:00+00:00,2.15,8
2016-09-16 01:29:00+00:00,2016-09-16 09:41:00+00:00,0,8
2016-09-17 06:25:00+00:00,2016-09-17 10:47:00+00:00,0,7.5
2016-09-18 06:37:00+00:00,2016-09-18 11:09:00+00:00,0,
2016-09-19 00:24:00+00:00,2016-09-19 11:09:00+00:00,,7.5
2016-09-20 02:31:00+00:00,2016-09-20 09:36:00+00:00,0,
2016-09-21 01:35:00+00:00,2016-09-21 09:28:00+00:00,,
2016-09-22 01:25:00+00:00,2016-09-22 09:42:00+00:00,2.39,8
2016-09-23 01:24:00+00:00,2016-09-23 10:19:00+00:00,0,8
2016-09-24 06:35:00+00:00,2016-09-24 12:10:00+00:00,,
2016-09-25 05:34:00+00:00,2016-09-25 12:28:00+00:00,1.57,
2016-09-26 00:58:00+00:00,2016-09-26 10:46:00+00:00,2.77,8.5
2016-09-27 02:21:00+00:00,2016-09-27 10:02:00+00:00,0,
2016-09-28 01:34:00+00:00,2016-09-28 07:45:00+00:00,,8
2016-09-29 01:10:00+00:00,2016-09-29 10:56:00+00:00,1.01,8.5
2016-09-30 02:31:00+00:00,2016-09-30 09:02:00+00:00,0,8.5
2016-10-01 06:37:00+00:00,2016-10-01 11:15:00+00:00,0,8
2016-10-02 06:35:00+00:00,2016-10-02 10:37:00+00:00,0,
2016-10-03 00:45:00+00:00,2016-10-03 11:34:00+00:00,1.53,
2016-10-04 02:38:00+00:00,2016-10-04 10:07:00+00:00,0,8
2016-10-05 02:36:00+00:00,2016-10-05 09:21:00+00:00,0,7.5
2016-10-06 00:58:00+00:00,2016-10-06 09:05:00+00:00,,8
2016-10-07 01:18:00+00:00,2016-10-07 09:23:00+00:00,0,8
2016-10-08 05:27:00+00:00,2016-10-08 09:39:00+00:00,0,7.5
2016-10-09 01:23:00+00:00,2016-10-09 10:47:00+00:00,2.27,8
2016-10-10 02:11:00+00:00,2016-10-10 12:18:00+00:00,0.63,
2016-10-11 02:28:00+00:00,2016-10-11 10:50:00+00:00,0,
2016-10-12 06:37:00+00:00,2016-10-12 09:59:00+00:00,0,7.5
2016-10-13 00:05:00+00:00,2016-10-13 09:44:00+00:00,2.4,
2016-10-14 02:27:00+00:00,2016-10-14 09:47:00+00:00,0,
2016-10-15 06:31:00+00:00,2016-10-15 09:55:00+00:00,0,7.5
2016-10-16 01:19:00+00:00,2016-10-16 10:07:00+00:00,2.49,8
2016-10-17 02:33:00+00:00,2016-10-17 10:13:00+00:00,0,7.5
2016-10-18 01:40:00+00:00,2016-10-18 10:36:00+00:00,0,8
2016-10-19 01:39:00+00:00,2016-10-19 11:26:00+00:00,0,8
2016-10-20 01:06:00+00:00,2016-10-20 09:28:00+00:00,2.7,8.5
2016-10-21 01:31:00+00:00,2016-10-21 10:36:00+00:00,0,8.5
2016-10-22 04:29:00+00:00,2016-10-22 09:50:00+00:00,0,8
2016-10-23 05:36:00+00:00,2016-10-23 13:06:00+00:00,0.15,8
2016-10-24 01:24:00+00:00,2016-10-24 08:52:00+00:00,2.45,8
2016-10-25 01:34:00+00:00,2016-10-25 09:49:00+00:00,,
2016-10-26 02:26:00+00:00,2016-10-26 07:28:00+00:00,0,
2016-10-27 00:56:00+00:00,2016-10-27 09:38:00+00:00,2.88,8.5
2016-10-28 02:46:00+00:00,2016-10-28 08:59:00+00:00,,8
2016-10-29 05:18:00+00:00,2016-10-29 10:18:00+00:00,0,
2016-10-30 02:40:00+00:00,2016-10-30 13:32:00+00:00,,
2016-10-31 01:38:00+00:00,2016-10-31 10:24:00+00:00,1.49,8
2016-11-01 01:32:00+00:00,2016-11-01 09:58:00+00:00,2.26,8.5
2016-11-02 02:48:00+00:00,2016-11-02 12:02:00+00:00,,8.5
2016-11-03 02:01:00+00:00,2016-11-03 10:20:00+00:00,,9
2016-11-04 02:22:00+00:00,2016-11-04 10:11:00+00:00,,8.5
2016-11-05 05:40:00+00:00,2016-11-05 10:23:00+00:00,0,
2016-11-06 06:41:00+00:00,2016-11-06 13:58:00+00:00,0.79,
2016-11-07 02:13:00+00:00,2016-11-07 11:36:00+00:00,0.59,8.5
2016-11-08 03:29:00+00:00,2016-11-08 10:52:00+00:00,0,8.5
2016-11-09 03:30:00+00:00,2016-11-09 09:47:00+00:00,0,8
2016-11-10 03:05:00+00:00,2016-11-10 10:00:00+00:00,,
2016-11-11 03:28:00+00:00,2016-11-11 10:10:00+00:00,,8
2016-11-12 07:32:00+00:00,2016-11-12 12:05:00+00:00,0,7.5
2016-11-13 03:28:00+00:00,2016-11-13 10:42:00+00:00,0,7
2016-11-14 02:20:00+00:00,2016-11-14 09:33:00+00:00,2.26,7.5
2016-11-15 03:25:00+00:00,2016-11-15 09:37:00+00:00,,7
2016-11-16 03:39:00+00:00,2016-11-16 11:58:00+00:00,0,
2016-11-17 02:21:00+00:00,2016-11-17 10:25:00+00:00,,7
2016-11-18 02:32:00+00:00,2016-11-18 10:46:00+00:00,0,7
2016-11-19 03:28:00+00:00,2016-11-19 12:10:00+00:00,,7
2016-11-20 02:42:00+00:00,2016-11-20 11:36:00+00:00,1.98,7.5
2016-11-21 02:34:00+00:00,2016-11-21 10:19:00+00:00,1.94,7.5
2016-11-22 03:44:00+00:00,2016-11-22 09:53:00+00:00,0,7.5
2016-11-23 02:33:00+00:00,2016-11-23 10:25:00+00:00,,7.5
2016-11-24 02:04:00+00:00,2016-11-24 09:37:00+00:00,,
2016-11-25 02:29:00+00:00,2016-11-25 10:16:00+00:00,0,
2016-11-26 05:28:00+00:00,2016-11-26 10:51:00+00:00,0,7
2016-11-27 02:44:00+00:00,2016-11-27 13:12:00+00:00,1.5,7.5
2016-11-28 01:42:00+00:00,2016-11-28 11:00:00+00:00,,8
2016-11-29 03:34:00+00:00,2016-11-29 11:45:00+00:00,,7.5
2016-11-30 02:26:00+00:00,2016-11-30 10:53:00+00:00,0,7.5
2016-12-01 02:20:00+00:00,2016-12-01 13:22:00+00:00,2.59,8.5
2016-12-02 03:21:00+00:00,2016-12-02 09:17:00+00:00,,8
2016-12-03 06:32:00+00:00,2016-12-03 11:59:00+00:00,,8
2016-12-04 07:30:00+00:00,2016-12-04 12:07:00+00:00,0,
2016-12-05 03:08:00+00:00,2016-12-05 11:02:00+00:00,,7.5
2016-12-06 02:28:00+00:00,2016-12-06 09:59:00+00:00,0,7.5
2016-12-07 03:29:00+00:00,2016-12-07 10:22:00+00:00,0,7
2016-12-08 01:05:00+00:00,2016-12-08 09:44:00+00:00,2.81,7.5
2016-12-09 02:28:00+00:00,2016-12-09 10:23:00+00:00,0,7.5
2016-12-10 03:37:00+00:00,2016-12-10 12:17:00+00:00,0,7.5
2016-12-11 07:36:00+00:00,2016-12-11 11:41:00+00:00,,7
2016-12-12 03:01:00+00:00,2016-12-12 11:18:00+00:00,1.05,7.5
2016-12-13 03:28:00+00:00,2016-12-13 10:39:00+00:00,0,7
2016-12-14 02:26:00+00:00,2016-12-14 10:34:00+00:00,,7
2016-12-15 02:02:00+00:00,2016-12-15 09:47:00+00:00,1.04,7
2016-12-16 02:32:00+00:00,2016-12-16 09:48:00+00:00,0,
2016-12-17 03:38:00+00:00,2016-12-17 11:51:00+00:00,0,7
2016-12-18 03:00:00+00:00,2016-12-18 11:47:00+00:00,,7
2016-12-19 07:27:00+00:00,2016-12-19 11:06:00+00:00,1.29,6.5
2016-12-20 02:33:00+00:00,2016-12-20 11:34:00+00:00,0,7
2016-12-21 03:35:00+00:00,2016-12-21 12:40:00+00:00,0,7
2016-12-22 02:26:00+00:00,2016-12-22 09:48:00+00:00,2.35,7
2016-12-23 03:27:00+00:00,2016-12-23 08:19:00+00:00,0,6.5
2016-12-24 03:35:00+00:00,2016-12-24 11:18:00+00:00,0,6.5
2016-12-25 02:38:00+00:00,2016-12-25 11:33:00+00:00,1.69,7
2016-12-26 03:18:00+00:00,2016-12-26 11:45:00+00:00,0.58,7
2016-12-27 06:31:00+00:00,2016-12-27 13:00:00+00:00,0,
2016-12-28 02:29:00+00:00,2016-12-28 11:14:00+00:00,0,6.5
2016-12-29 01:15:00+00:00,2016-12-29 10:43:00+00:00,2.3,7
2016-12-30 02:23:00+00:00,2016-12-30 12:48:00+00:00,0,7.5
2016-12-31 05:33:00+00:00,2016-12-31 10:49:00+00:00,0,7
2017-01-01 05:28:00+00:00,2017-01-01 10:27:00+00:00,,
2017-01-02 06:33:00+00:00,2017-01-02 13:02:00+00:00,0.41,6.5
2017-01-03 03:36:00+00:00,2017-01-03 11:10:00+00:00,0,6.5
2017-01-04 02:25:00+00:00,2017-01-04 11:52:00+00:00,,6.5
2017-01-05 03:25:00+00:00,2017-01-05 13:16:00+00:00,0,6.5
2017-01-06 02:26:00+00:00,2017-01-06 11:08:00+00:00,,
2017-01-07 05:36:00+00:00,2017-01-07 11:11:00+00:00,0,6
2017-01-08 05:33:00+00:00,2017-01-08 12:20:00+00:00,1.57,
2017-01-09 01:36:00+00:00,2017-01-09 11:00:00+00:00,,6.5
2017-01-10 02:33:00+00:00,2017-01-10 10:48:00+00:00,0,6.5
2017-01-11 03:32:00+00:00,2017-01-11 11:46:00+00:00,0,6.5
2017-01-12 02:32:00+00:00,2017-01-12 12:10:00+00:00,2.18,7
2017-01-13 03:32:00+00:00,2017-01-13 11:46:00+00:00,0,
2017-01-14 06:27:00+00:00,2017-01-14 11:24:00+00:00,0,6.5
2017-01-15 07:21:00+00:00,2017-01-15 11:48:00+00:00,0,6
2017-01-16 01:36:00+00:00,2017-01-16 12:43:00+00:00,1.7,6.5
2017-01-17 03:39:00+00:00,2017-01-17 09:37:00+00:00,,
2017-01-18 03:27:00+00:00,2017-01-18 08:30:00+00:00,0,6
2017-01-19 03:07:00+00:00,2017-01-19 11:15:00+00:00,0.89,6
2017-01-20 02:30:00+00:00,2017-01-20 11:07:00+00:00,0,6
2017-01-21 07:33:00+00:00,2017-01-21 13:04:00+00:00,0,5.5
2017-01-22 03:22:00+00:00,2017-01-22 13:57:00+00:00,,6
2017-01-23 02:11:00+00:00,2017-01-23 11:05:00+00:00,,6
2017-01-24 02:31:00+00:00,2017-01-24 10:57:00+00:00,0,6
2017-01-25 03:36:00+00:00,2017-01-25 11:37:00+00:00,0,
2017-01-26 01:17:00+00:00,2017-01-26 10:59:00+00:00,,
2017-01-27 02:27:00+00:00,2017-01-27 11:55:00+00:00,2.36,
2017-01-28 06:30:00+00:00,2017-01-28 10:41:00+00:00,0,6.5
2017-01-29 05:30:00+00:00,2017-01-29 12:24:00+00:00,0,6.5
2017-01-30 01:46:00+00:00,2017-01-30 10:45:00+00:00,,
2017-01-31 02:27:00+00:00,2017-01-31 10:52:00+00:00,0,6.5
2017-02-01 02:32:00+00:00,2017-02-01 10:10:00+00:00,0,6.5
2017-02-02 01:16:00+00:00,2017-02-02 10:36:00+00:00,2.46,
2017-02-03 03:33:00+00:00,2017-02-03 10:11:00+00:00,0,
2017-02-04 07:39:00+00:00,2017-02-04 14:03:00+00:00,0,6.5
2017-02-05 05:26:00+00:00,2017-02-05 11:58:00+00:00,,
2017-02-06 02:14:00+00:00,2017-02-06 11:24:00+00:00,2.13,6.5
2017-02-07 02:26:00+00:00,2017-02-07 10:39:00+00:00,,6.5
2017-02-08 03:41:00+00:00,2017-02-08 10:04:00+00:00,0,
2017-02-09 01:42:00+00:00,2017-02-09 10:48:00+00:00,,6.5
2017-02-10 02:30:00+00:00,2017-02-10 11:43:00+00:00,0,6.5
2017-02-11 05:38:00+00:00,2017-02-11 12:32:00+00:00,,6.5
2017-02-12 06:41:00+00:00,2017-02-12 11:47:00+00:00,2.19,6
2017-02-13 02:16:00+00:00,2017-02-13 11:17:00+00:00,2.32,6.5
2017-02-14 02:30:00+00:00,2017-02-14 10:13:00+00:00,,6.5
2017-02-15 02:27:00+00:00,2017-02-15 12:27:00+00:00,0,6.5
2017-02-16 07:29:00+00:00,2017-02-16 10:30:00+00:00,1.66,
2017-02-17 03:37:00+00:00,2017-02-17 09:58:00+00:00,0,
2017-02-18 03:41:00+00:00,2017-02-18 13:12:00+00:00,0,6
2017-02-19 07:28:00+00:00,2017-02-19 09:53:00+00:00,1.74,
2017-02-20 02:40:00+00:00,2017-02-20 12:49:00+00:00,1.89,6
2017-02-21 02:24:00+00:00,2017-02-21 11:49:00+00:00,0,
2017-02-22 01:50:00+00:00,2017-02-22 11:20:00+00:00,1.43,
2017-02-23 02:24:00+00:00,2017-02-23 10:30:00+00:00,2.35,6.5
2017-02-24 03:24:00+00:00,2017-02-24 11:14:00+00:00,0,
2017-02-25 05:26:00+00:00,2017-02-25 11:26:00+00:00,,
2017-02-26 06:24:00+00:00,2017-02-26 11:16:00+00:00,2.61,6
2017-02-27 02:03:00+00:00,2017-02-27 10:09:00+00:00,0.8,
2017-02-28 03:33:00+00:00,2017-02-28 10:54:00+00:00,0,6
2017-03-01 02:25:00+00:00,2017-03-01 11:11:00+00:00,0,
2017-03-02 01:37:00+00:00,2017-03-02 11:20:00+00:00,1.41,6
2017-03-03 03:40:00+00:00,2017-03-03 10:36:00+00:00,0,6
2017-03-04 05:32:00+00:00,2017-03-04 11:51:00+00:00,0,
2017-03-05 07:38:00+00:00,2017-03-05 13:15:00+00:00,2.61,5.5
2017-03-06 02:27:00+00:00,2017-03-06 11:17:00+00:00,0.34,5.5
2017-03-07 02:37:00+00:00,2017-03-07 10:12:00+00:00,0,5.5
2017-03-08 01:31:00+00:00,2017-03-08 10:41:00+00:00,2.25,6
2017-03-09 02:51:00+00:00,2017-03-09 11:10:00+00:00,1.37,6
2017-03-10 02:32:00+00:00,2017-03-10 11:52:00+00:00,0,6
2017-03-11 05:30:00+00:00,2017-03-11 10:36:00+00:00,1.31,6
2017-03-12 04:29:00+00:00,2017-03-12 11:07:00+00:00,0,5.5
2017-03-13 05:26:00+00:00,2017-03-13 09:13:00+00:00,1.81,5.5
2017-03-14 02:45:00+00:00,2017-03-14 11:20:00+00:00,,5
2017-03-15 02:21:00+00:00,2017-03-15 09:39:00+00:00,,
2017-03-16 02:32:00+00:00,2017-03-16 10:05:00+00:00,,5
2017-03-17 02:33:00+00:00,2017-03-17 10:16:00+00:00,0,5
2017-03-18 02:28:00+00:00,2017-03-18 12:02:00+00:00,,
2017-03-19 06:28:00+00:00,2017-03-19 11:19:00+00:00,,4.5
2017-03-20 01:00:00+00:00,2017-03-20 09:29:00+00:00,0.85,4.5
2017-03-21 01:37:00+00:00,2017-03-21 09:12:00+00:00,0,4.5
2017-03-22 02:26:00+00:00,2017-03-22 12:38:00+00:00,0,4.5
2017-03-23 01:21:00+00:00,2017-03-23 09:44:00+00:00,0,4.5
2017-03-24 01:28:00+00:00,2017-03-24 09:34:00+00:00,0,4.5
2017-03-25 06:34:00+00:00,2017-03-25 07:40:00+00:00,1.25,4
2017-03-26 01:42:00+00:00,2017-03-26 13:14:00+00:00,2.25,4.5
2017-03-27 00:45:00+00:00,2017-03-27 08:57:00+00:00,1.76,
2017-03-28 04:26:00+00:00,2017-03-28 08:13:00+00:00,0,4
2017-03-29 02:25:00+00:00,2017-03-29 08:16:00+00:00,0,4
2017-03-30 00:09:00+00:00,2017-03-30 10:51:00+00:00,1.88,4.5
2017-03-31 02:29:00+00:00,2017-03-31 09:05:00+00:00,0,4
2017-04-01 02:37:00+00:00,2017-04-01 11:14:00+00:00,0,4
2017-04-02 04:29:00+00:00,2017-04-02 10:23:00+00:00,0,4
2017-04-03 00:23:00+00:00,2017-04-03 09:59:00+00:00,1.68,4
2017-04-04 01:19:00+00:00,2017-04-04 10:14:00+00:00,0,4
2017-04-05 02:34:00+00:00,2017-04-05 09:23:00+00:00,,
2017-04-06 00:33:00+00:00,2017-04-06 10:56:00+00:00,1.98,
2017-04-07 01:56:00+00:00,2017-04-07 09:53:00+00:00,1.07,
2017-04-08 05:29:00+00:00,2017-04-08 12:48:00+00:00,0,
2017-04-09 05:27:00+00:00,2017-04-09 10:40:00+00:00,2.16,4.5
2017-04-10 01:15:00+00:00,2017-04-10 09:37:00+00:00,2.43,4.5
2017-04-11 02:30:00+00:00,2017-04-11 09:40:00+00:00,0,4.5
2017-04-12 02:28:00+00:00,2017-04-12 11:04:00+00:00,0,4.5
2017-04-13 00:14:00+00:00,2017-04-13 11:09:00+00:00,2.62,
2017-04-14 05:39:00+00:00,2017-04-14 11:52:00+00:00,0,5
2017-04-15 05:26:00+00:00,2017-04-15 10:43:00+00:00,0,
2017-04-16 05:35:00+00:00,2017-04-16 11:02:00+00:00,1.92,
2017-04-17 01:48:00+00:00,2017-04-17 10:51:00+00:00,,4.5
2017-04-18 01:21:00+00:00,2017-04-18 08:42:00+00:00,0,4.5
2017-04-19 02:20:00+00:00,2017-04-19 09:05:00+00:00,,4
2017-04-20 02:27:00+00:00,2017-04-20 10:48:00+00:00,0.32,
2017-04-21 02:24:00+00:00,2017-04-21 10:34:00+00:00,0,4
2017-04-22 04:34:00+00:00,2017-04-22 11:29:00+00:00,0,4
2017-04-23 04:50:00+00:00,2017-04-23 10:43:00+00:00,0,3.5
2017-04-24 01:46:00+00:00,2017-04-24 11:15:00+00:00,1.47,4
2017-04-25 02:43:00+00:00,2017-04-25 11:30:00+00:00,0,4
2017-04-26 02:36:00+00:00,2017-04-26 09:34:00+00:00,,3.5
2017-04-27 00:25:00+00:00,2017-04-27 06:57:00+00:00,,4
2017-04-28 02:30:00+00:00,2017-04-28 09:14:00+00:00,,
2017-04-29 05:36:00+00:00,2017-04-29 10:16:00+00:00,0,3
2017-04-30 02:28:00+00:00,2017-04-30 11:12:00+00:00,,
2017-05-01 01:12:00+00:00,2017-05-01 09:10:00+00:00,0.6,3
2017-05-02 02:29:00+00:00,2017-05-02 10:10:00+00:00,0,3
2017-05-03 01:35:00+00:00,2017-05-03 09:33:00+00:00,0,3
2017-05-04 00:07:00+00:00,2017-05-04 11:00:00+00:00,2.6,3.5
2017-05-05 01:31:00+00:00,2017-05-05 10:09:00+00:00,0,3.5
2017-05-06 06:27:00+00:00,2017-05-06 10:01:00+00:00,0,3
2017-05-07 05:31:00+00:00,2017-05-07 11:27:00+00:00,0,2.5
2017-05-08 00:31:00+00:00,2017-05-08 07:08:00+00:00,1.91,2.5
2017-05-09 01:24:00+00:00,2017-05-09 11:35:00+00:00,,3
2017-05-10 02:27:00+00:00,2017-05-10 09:17:00+00:00,0,2.5
2017-05-11 00:57:00+00:00,2017-05-11 09:18:00+00:00,1.07,2.5
2017-05-12 01:35:00+00:00,2017-05-12 11:02:00+00:00,,3
2017-05-13 05:33:00+00:00,2017-05-13 11:02:00+00:00,0,2.5
2017-05-14 06:30:00+00:00,2017-05-14 10:27:00+00:00,0,2
2017-05-15 00:54:00+00:00,2017-05-15 09:43:00+00:00,1.18,2
2017-05-16 01:28:00+00:00,2017-05-16 08:12:00+00:00,0,
2017-05-17 02:28:00+00:00,2017-05-17 10:51:00+00:00,0,2
2017-05-18 00:56:00+00:00,2017-05-18 10:47:00+00:00,3.17,2.5
2017-05-19 02:27:00+00:00,2017-05-19 09:35:00+00:00,,2.5
2017-05-20 06:23:00+00:00,2017-05-20 08:52:00+00:00,2.52,2
2017-05-21 02:27:00+00:00,2017-05-21 10:41:00+00:00,0,1.5
2017-05-22 01:44:00+00:00,2017-05-22 12:19:00+00:00,,2
2017-05-23 02:42:00+00:00,2017-05-23 10:02:00+00:00,0,2
2017-05-24 00:24:00+00:00,2017-05-24 10:24:00+00:00,,2.5
2017-05-25 01:26:00+00:00,2017-05-25 09:57:00+00:00,,3
2017-05-26 01:33:00+00:00,2017-05-26 11:01:00+00:00,0,
2017-05-27 06:30:00+00:00,2017-05-27 11:39:00+00:00,0,
2017-05-28 05:25:00+00:00,2017-05-28 10:33:00+00:00,1.48,
2017-05-29 01:23:00+00:00,2017-05-29 10:03:00+00:00,2.23,2.5
2017-05-30 02:35:00+00:00,2017-05-30 10:29:00+00:00,,2.5
2017-05-31 01:20:00+00:00,2017-05-31 09:40:00+00:00,0,
2017-06-01 01:58:00+00:00,2017-06-01 09:40:00+00:00,1.3,
2017-06-02 02:26:00+00:00,2017-06-02 10:49:00+00:00,0,
2017-06-03 04:34:00+00:00,2017-06-03 10:41:00+00:00,0,
2017-06-04 04:30:00+00:00,2017-06-04 09:32:00+00:00,0,2
2017-06-05 00:31:00+00:00,2017-06-05 12:02:00+00:00,,2.5
2017-06-06 02:27:00+00:00,2017-06-06 10:25:00+00:00,0,
2017-06-07 02:28:00+00:00,2017-06-07 10:39:00+00:00,,2.5
2017-06-08 01:29:00+00:00,2017-06-08 09:29:00+00:00,1.79,
2017-06-09 02:32:00+00:00,2017-06-09 08:40:00+00:00,,2.5
2017-06-10 05:25:00+00:00,2017-06-10 09:59:00+00:00,0,2
2017-06-11 04:26:00+00:00,2017-06-11 12:11:00+00:00,,
2017-06-12 04:26:00+00:00,2017-06-12 09:41:00+00:00,,1.5
2017-06-13 02:22:00+00:00,2017-06-13 08:42:00+00:00,0,1
2017-06-14 02:30:00+00:00,2017-06-14 10:27:00+00:00,0,
2017-06-15 00:50:00+00:00,2017-06-15 09:53:00+00:00,1.31,1.5
2017-06-16 02:34:00+00:00,2017-06-16 08:07:00+00:00,0,1
2017-06-17 02:26:00+00:00,2017-06-17 11:52:00+00:00,0,
2017-06-18 01:41:00+00:00,2017-06-18 11:14:00+00:00,,1.5
2017-06-19 01:29:00+00:00,2017-06-19 10:45:00+00:00,0.73,1.5
2017-06-20 01:33:00+00:00,2017-06-20 09:19:00+00:00,0,1.5
2017-06-21 01:33:00+00:00,2017-06-21 10:45:00+00:00,0,
2017-06-22 01:28:00+00:00,2017-06-22 09:43:00+00:00,1.83,2
2017-06-23 02:18:00+00:00,2017-06-23 10:08:00+00:00,0,1.5
2017-06-24 06:42:00+00:00,2017-06-24 12:45:00+00:00,0,
2017-06-25 06:29:00+00:00,2017-06-25 10:49:00+00:00,1.26,
2017-06-26 00:52:00+00:00,2017-06-26 10:10:00+00:00,1.27,1.5
2017-06-27 01:21:00+00:00,2017-06-27 10:48:00+00:00,,1.5
2017-06-28 01:34:00+00:00,2017-06-28 10:23:00+00:00,,1.5
2017-06-29 01:09:00+00:00,2017-06-29 09:56:00+00:00,2.43,2
2017-06-30 02:33:00+00:00,2017-06-30 11:04:00+00:00,,
2017-07-01 05:32:00+00:00,2017-07-01 10:21:00+00:00,0,1.5
2017-07-02 04:25:00+00:00,2017-07-02 12:28:00+00:00,2.21,1.5
2017-07-03 05:28:00+00:00,2017-07-03 10:27:00+00:00,1.59,1.5
2017-07-04 02:38:00+00:00,2017-07-04 09:20:00+00:00,0,1
2017-07-05 02:32:00+00:00,2017-07-05 10:34:00+00:00,0,1
2017-07-06 01:59:00+00:00,2017-07-06 10:04:00+00:00,1.08,1.5
2017-07-07 02:27:00+00:00,2017-07-07 09:18:00+00:00,0,1
2017-07-08 04:28:00+00:00,2017-07-08 10:36:00+00:00,0,1
2017-07-09 00:48:00+00:00,2017-07-09 11:54:00+00:00,3.52,1.5
2017-07-10 00:26:00+00:00,2017-07-10 09:53:00+00:00,2.12,2
2017-07-11 02:37:00+00:00,2017-07-11 10:06:00+00:00,0,2
2017-07-12 02:33:00+00:00,2017-07-12 10:47:00+00:00,0,2
2017-07-13 01:46:00+00:00,2017-07-13 10:45:00+00:00,1.22,
2017-07-14 02:35:00+00:00,2017-07-14 09:50:00+00:00,0,2
2017-07-15 05:47:00+00:00,2017-07-15 11:49:00+00:00,,2
2017-07-16 04:31:00+00:00,2017-07-16 12:38:00+00:00,0,
2017-07-17 01:07:00+00:00,2017-07-17 10:09:00+00:00,0.99,2
2017-07-18 02:34:00+00:00,2017-07-18 10:00:00+00:00,0,
2017-07-19 02:34:00+00:00,2017-07-19 09:31:00+00:00,0,1.5
2017-07-20 01:23:00+00:00,2017-07-20 10:22:00+00:00,,2
2017-07-21 05:31:00+00:00,2017-07-21 09:04:00+00:00,0,1.5
2017-07-22 06:17:00+00:00,2017-07-22 11:41:00+00:00,,1
2017-07-23 02:31:00+00:00,2017-07-23 10:44:00+00:00,0,1
2017-07-24 01:23:00+00:00,2017-07-24 09:41:00+00:00,2.33,1.5
2017-07-25 01:29:00+00:00,2017-07-25 10:32:00+00:00,0,1.5
2017-07-26 01:25:00+00:00,2017-07-26 10:04:00+00:00,0,1.5
2017-07-27 01:09:00+00:00,2017-07-27 08:23:00+00:00,0.46,
2017-07-28 00:53:00+00:00,2017-07-28 10:46:00+00:00,1.65,1.5
2017-07-29 06:30:00+00:00,2017-07-29 10:28:00+00:00,0,
2017-07-30 05:26:00+00:00,2017-07-30 09:35:00+00:00,0,1
2017-07-31 01:08:00+00:00,2017-07-31 10:56:00+00:00,2.59,1.5
2017-08-01 02:24:00+00:00,2017-08-01 09:35:00+00:00,0,
2017-08-02 01:24:00+00:00,2017-08-02 09:56:00+00:00,0,1
2017-08-03 02:34:00+00:00,2017-08-03 09:33:00+00:00,0,1
2017-08-04 01:27:00+00:00,2017-08-04 10:01:00+00:00,0,1
2017-08-05 04:39:00+00:00,2017-08-05 10:12:00+00:00,,1
2017-08-06 02:04:00+00:00,2017-08-06 11:52:00+00:00,0.91,1
2017-08-07 05:23:00+00:00,2017-08-07 10:33:00+00:00,,1
2017-08-08 02:24:00+00:00,2017-08-08 10:10:00+00:00,0,1
2017-08-09 01:30:00+00:00,2017-08-09 10:14:00+00:00,0,1
2017-08-10 00:47:00+00:00,2017-08-10 11:11:00+00:00,1.81,1.5
2017-08-11 01:28:00+00:00,2017-08-11 09:08:00+00:00,0,1
2017-08-12 05:30:00+00:00,2017-08-12 13:06:00+00:00,0,1
2017-08-13 04:21:00+00:00,2017-08-13 11:04:00+00:00,1.19,1
2017-08-14 04:31:00+00:00,2017-08-14 10:07:00+00:00,1.4,
2017-08-15 04:29:00+00:00,2017-08-15 11:47:00+00:00,,1
2017-08-16 04:21:00+00:00,2017-08-16 11:25:00+00:00,0,1
2017-08-17 05:18:00+00:00,2017-08-17 09:32:00+00:00,,1
2017-08-18 02:30:00+00:00,2017-08-18 11:32:00+00:00,0,1
2017-08-19 02:23:00+00:00,2017-08-19 09:01:00+00:00,0,1
2017-08-20 01:24:00+00:00,2017-08-20 11:34:00+00:00,2.2,
2017-08-21 05:40:00+00:00,2017-08-21 10:32:00+00:00,2.07,1
2017-08-22 02:34:00+00:00,2017-08-22 12:07:00+00:00,0,1
2017-08-23 05:29:00+00:00,2017-08-23 11:08:00+00:00,,1
2017-08-24 01:56:00+00:00,2017-08-24 09:28:00+00:00,,1
2017-08-25 02:25:00+00:00,2017-08-25 11:24:00+00:00,,1
2017-08-26 06:32:00+00:00,2017-08-26 10:42:00+00:00,0,
2017-08-27 01:57:00+00:00,2017-08-27 11:43:00+00:00,1.32,1
2017-08-28 01:43:00+00:00,2017-08-28 11:40:00+00:00,1.56,1
2017-08-29 01:31:00+00:00,2017-08-29 11:12:00+00:00,0,1
2017-08-30 02:30:00+00:00,2017-08-30 10:00:00+00:00,,1
2017-08-31 00:38:00+00:00,2017-08-31 09:43:00+00:00,3.48,
2017-09-01 02:31:00+00:00,2017-09-01 08:45:00+00:00,0,1
2017-09-02 05:33:00+00:00,2017-09-02 10:17:00+00:00,0,1
2017-09-03 06:34:00+00:00,2017-09-03 09:44:00+00:00,0,1
2017-09-04 01:25:00+00:00,2017-09-04 11:15:00+00:00,2.04,1
2017-09-05 01:25:00+00:00,2017-09-05 09:01:00+00:00,0,1
2017-09-06 02:33:00+00:00,2017-09-06 11:59:00+00:00,0,1
2017-09-07 01:35:00+00:00,2017-09-07 09:18:00+00:00,1.66,1
2017-09-08 01:32:00+00:00,2017-09-08 11:10:00+00:00,0,
2017-09-09 05:29:00+00:00,2017-09-09 11:43:00+00:00,0,
2017-09-10 06:28:00+00:00,2017-09-10 11:23:00+00:00,0,1
2017-09-11 01:50:00+00:00,2017-09-11 09:01:00+00:00,1.03,
2017-09-12 01:28:00+00:00,2017-09-12 10:22:00+00:00,0,1
2017-09-13 02:26:00+00:00,2017-09-13 11:38:00+00:00,0,1
2017-09-14 01:55:00+00:00,2017-09-14 10:39:00+00:00,,1
2017-09-15 02:21:00+00:00,2017-09-15 10:03:00+00:00,,1
2017-09-16 06:32:00+00:00,2017-09-16 12:20:00+00:00,0,1
2017-09-17 05:37:00+00:00,2017-09-17 11:22:00+00:00,0,
2017-09-18 02:01:00+00:00,2017-09-18 09:50:00+00:00,0.72,
2017-09-19 02:18:00+00:00,2017-09-19 08:48:00+00:00,0,1
2017-09-20 02:32:00+00:00,2017-09-20 09:10:00+00:00,0,1
2017-09-21 00:56:00+00:00,2017-09-21 09:00:00+00:00,3.06,1
2017-09-22 02:31:00+00:00,2017-09-22 09:00:00+00:00,,1
2017-09-23 02:44:00+00:00,2017-09-23 11:18:00+00:00,0,1
2017-09-24 01:40:00+00:00,2017-09-24 10:13:00+00:00,1.56,1
2017-09-25 01:57:00+00:00,2017-09-25 12:01:00+00:00,1,
2017-09-26 02:11:00+00:00,2017-09-26 09:25:00+00:00,0.76,1
2017-09-27 02:37:00+00:00,2017-09-27 10:01:00+00:00,0,
2017-09-28 01:29:00+00:00,2017-09-28 10:06:00+00:00,2.23,1
2017-09-29 01:31:00+00:00,2017-09-29 08:38:00+00:00,,1
2017-09-30 06:34:00+00:00,2017-09-30 10:12:00+00:00,0,1
2017-10-01 02:39:00+00:00,2017-10-01 11:38:00+00:00,0,1
2017-10-02 00:42:00+00:00,2017-10-02 09:05:00+00:00,1.52,1
2017-10-03 01:33:00+00:00,2017-10-03 09:33:00+00:00,0,1
2017-10-04 06:29:00+00:00,2017-10-04 10:21:00+00:00,0,
2017-10-05 01:43:00+00:00,2017-10-05 11:10:00+00:00,1.61,1
2017-10-06 02:32:00+00:00,2017-10-06 09:42:00+00:00,0,1
2017-10-07 06:30:00+00:00,2017-10-07 11:41:00+00:00,0,
2017-10-08 01:34:00+00:00,2017-10-08 11:14:00+00:00,1.93,1
2017-10-09 05:22:00+00:00,2017-10-09 11:46:00+00:00,,1
2017-10-10 01:38:00+00:00,2017-10-10 09:15:00+00:00,0,1
2017-10-11 02:31:00+00:00,2017-10-11 09:24:00+00:00,,1
2017-10-12 00:50:00+00:00,2017-10-12 11:47:00+00:00,1.53,1
2017-10-13 02:35:00+00:00,2017-10-13 10:11:00+00:00,0,1
2017-10-14 04:38:00+00:00,2017-10-14 10:06:00+00:00,0,
2017-10-15 05:24:00+00:00,2017-10-15 13:36:00+00:00,0,1
2017-10-16 01:25:00+00:00,2017-10-16 09:54:00+00:00,2.11,1
2017-10-17 01:20:00+00:00,2017-10-17 08:35:00+00:00,0,1
2017-10-18 02:35:00+00:00,2017-10-18 10:59:00+00:00,0,
2017-10-19 05:32:00+00:00,2017-10-19 08:41:00+00:00,2.94,1
2017-10-20 00:32:00+00:00,2017-10-20 09:44:00+00:00,2.05,1
2017-10-21 06:33:00+00:00,2017-10-21 10:50:00+00:00,0,1
2017-10-22 01:18:00+00:00,2017-10-22 12:16:00+00:00,,1
2017-10-23 00:27:00+00:00,2017-10-23 10:44:00+00:00,2.24,1.5
2017-10-24 01:21:00+00:00,2017-10-24 10:17:00+00:00,2.16,2
2017-10-25 01:30:00+00:00,2017-10-25 08:46:00+00:00,,
2017-10-26 00:13:00+00:00,2017-10-26 10:28:00+00:00,2.48,2.5
2017-10-27 02:28:00+00:00,2017-10-27 11:16:00+00:00,0,2.5
2017-10-28 04:28:00+00:00,2017-10-28 11:10:00+00:00,0,
2017-10-29 04:30:00+00:00,2017-10-29 12:44:00+00:00,0,2.5
2017-10-30 00:59:00+00:00,2017-10-30 09:44:00+00:00,0.95,
2017-10-31 01:49:00+00:00,2017-10-31 10:33:00+00:00,1.38,2.5
2017-11-01 02:30:00+00:00,2017-11-01 09:00:00+00:00,0,2.5
2017-11-02 00:18:00+00:00,2017-11-02 10:29:00+00:00,,
2017-11-03 02:35:00+00:00,2017-11-03 09:29:00+00:00,0,3
2017-11-04 06:43:00+00:00,2017-11-04 10:48:00+00:00,,2.5
2017-11-05 06:31:00+00:00,2017-11-05 13:05:00+00:00,,2.5
2017-11-06 02:08:00+00:00,2017-11-06 11:21:00+00:00,0.63,
2017-11-07 02:37:00+00:00,2017-11-07 11:52:00+00:00,,
2017-11-08 03:31:00+00:00,2017-11-08 10:28:00+00:00,0,2.5
2017-11-09 02:12:00+00:00,2017-11-09 11:18:00+00:00,2.67,3
2017-11-10 02:29:00+00:00,2017-11-10 11:47:00+00:00,0,3.5
2017-11-11 06:28:00+00:00,2017-11-11 12:44:00+00:00,0,
2017-11-12 07:37:00+00:00,2017-11-12 10:14:00+00:00,0,2.5
2017-11-13 01:50:00+00:00,2017-11-13 10:25:00+00:00,,
2017-11-14 02:30:00+00:00,2017-11-14 12:07:00+00:00,0,
2017-11-15 03:27:00+00:00,2017-11-15 11:16:00+00:00,,3
2017-11-16 01:30:00+00:00,2017-11-16 10:37:00+00:00,2.16,
2017-11-17 03:37:00+00:00,2017-11-17 10:58:00+00:00,,3.5
2017-11-18 06:45:00+00:00,2017-11-18 13:34:00+00:00,,
2017-11-19 06:29:00+00:00,2017-11-19 12:32:00+00:00,,
2017-11-20 02:03:00+00:00,2017-11-20 11:18:00+00:00,,4
2017-11-21 03:26:00+00:00,2017-11-21 10:52:00+00:00,0,3.5
2017-11-22 02:42:00+00:00,2017-11-22 10:12:00+00:00,,3.5
2017-11-23 01:53:00+00:00,2017-11-23 12:05:00+00:00,1.33,4
2017-11-24 03:33:00+00:00,2017-11-24 12:38:00+00:00,0,
2017-11-25 07:30:00+00:00,2017-11-25 11:28:00+00:00,0,3.5
2017-11-26 06:29:00+00:00,2017-11-26 11:26:00+00:00,1.63,
2017-11-27 01:45:00+00:00,2017-11-27 11:09:00+00:00,,4
2017-11-28 02:07:00+00:00,2017-11-28 12:15:00+00:00,2.66,
2017-11-29 03:28:00+00:00,2017-11-29 09:41:00+00:00,,4.5
2017-11-30 02:25:00+00:00,2017-11-30 09:20:00+00:00,,4
2017-12-01 03:36:00+00:00,2017-12-01 09:48:00+00:00,,4
2017-12-02 05:29:00+00:00,2017-12-02 12:54:00+00:00,,
2017-12-03 06:34:00+00:00,2017-12-03 11:51:00+00:00,,3.5
2017-12-04 02:43:00+00:00,2017-12-04 12:26:00+00:00,,4
2017-12-05 02:31:00+00:00,2017-12-05 11:30:00+00:00,0,
2017-12-06 02:31:00+00:00,2017-12-06 10:22:00+00:00,0,4
2017-12-07 02:30:00+00:00,2017-12-07 11:22:00+00:00,0,4.5
2017-12-08 03:28:00+00:00,2017-12-08 11:47:00+00:00,,4.5
2017-12-09 07:31:00+00:00,2017-12-09 11:35:00+00:00,0,4
2017-12-10 06:27:00+00:00,2017-12-10 13:34:00+00:00,,4
2017-12-11 02:57:00+00:00,2017-12-11 12:25:00+00:00,1.05,4
2017-12-12 02:24:00+00:00,2017-12-12 10:26:00+00:00,0,4
2017-12-13 02:25:00+00:00,2017-12-13 10:50:00+00:00,0,
2017-12-14 06:24:00+00:00,2017-12-14 11:02:00+00:00,,4
2017-12-15 02:37:00+00:00,2017-12-15 11:03:00+00:00,,
2017-12-16 07:32:00+00:00,2017-12-16 11:08:00+00:00,0,3.5
2017-12-17 02:47:00+00:00,2017-12-17 11:57:00+00:00,,3.5
2017-12-18 02:15:00+00:00,2017-12-18 11:20:00+00:00,2.37,4
2017-12-19 07:30:00+00:00,2017-12-19 12:05:00+00:00,,4
2017-12-20 02:25:00+00:00,2017-12-20 12:12:00+00:00,,4
2017-12-21 03:26:00+00:00,2017-12-21 12:49:00+00:00,,4
2017-12-22 02:36:00+00:00,2017-12-22 10:02:00+00:00,0,
2017-12-23 07:27:00+00:00,2017-12-23 11:47:00+00:00,,3.5
2017-12-24 03:36:00+00:00,2017-12-24 11:32:00+00:00,,
2017-12-25 06:34:00+00:00,2017-12-25 11:49:00+00:00,1.59,3.5
2017-12-26 03:27:00+00:00,2017-12-26 12:54:00+00:00,,3.5
2017-12-27 02:31:00+00:00,2017-12-27 11:58:00+00:00,0,3.5
2017-12-28 01:38:00+00:00,2017-12-28 07:48:00+00:00,,3.5
2017-12-29 03:27:00+00:00,2017-12-29 09:19:00+00:00,0,3.5
2017-12-30 03:35:00+00:00,2017-12-30 11:27:00+00:00,0,3.5
2017-12-31 02:43:00+00:00,2017-12-31 11:40:00+00:00,1.74,3.5
2018-01-01 05:33:00+00:00,2018-01-01 11:55:00+00:00,3.04,4
2018-01-02 02:02:00+00:00,2018-01-02 11:15:00+00:00,2.99,4.5
2018-01-03 03:32:00+00:00,2018-01-03 12:16:00+00:00,0,4.5
2018-01-04 02:12:00+00:00,2018-01-04 10:45:00+00:00,2.59,5
2018-01-05 01:33:00+00:00,2018-01-05 10:02:00+00:00,1.92,5.5
2018-01-06 07:33:00+00:00,2018-01-06 12:23:00+00:00,0,5
2018-01-07 05:22:00+00:00,2018-01-07 13:02:00+00:00,1.39,5
2018-01-08 01:51:00+00:00,2018-01-08 10:32:00+00:00,3.39,5.5
2018-01-09 03:40:00+00:00,2018-01-09 10:08:00+00:00,0,5.5
2018-01-10 03:30:00+00:00,2018-01-10 10:35:00+00:00,0,5.5
2018-01-11 03:08:00+00:00,2018-01-11 10:10:00+00:00,1.24,5.5
2018-01-12 03:26:00+00:00,2018-01-12 09:14:00+00:00,0,5
2018-01-13 02:46:00+00:00,2018-01-13 12:00:00+00:00,1.26,5.5
2018-01-14 05:29:00+00:00,2018-01-14 10:46:00+00:00,2.02,5.5
2018-01-15 02:33:00+00:00,2018-01-15 12:35:00+00:00,1.83,6
2018-01-16 02:35:00+00:00,2018-01-16 10:08:00+00:00,0,6
2018-01-17 03:31:00+00:00,2018-01-17 10:34:00+00:00,0,5.5
2018-01-18 02:51:00+00:00,2018-01-18 12:14:00+00:00,1.07,6
2018-01-19 03:19:00+00:00,2018-01-19 10:27:00+00:00,0,6
2018-01-20 07:24:00+00:00,2018-01-20 10:51:00+00:00,1.45,5.5
2018-01-21 02:19:00+00:00,2018-01-21 12:46:00+00:00,2.17,6
2018-01-22 03:08:00+00:00,2018-01-22 09:53:00+00:00,1.12,6
2018-01-23 03:25:00+00:00,2018-01-23 11:11:00+00:00,0,6
2018-01-24 03:31:00+00:00,2018-01-24 10:50:00+00:00,0,6
2018-01-25 01:39:00+00:00,2018-01-25 11:23:00+00:00,1.59,6.5
2018-01-26 03:34:00+00:00,2018-01-26 10:40:00+00:00,0,6
2018-01-27 05:29:00+00:00,2018-01-27 10:33:00+00:00,0,6
2018-01-28 07:28:00+00:00,2018-01-28 11:24:00+00:00,1.44,5.5
2018-01-29 01:41:00+00:00,2018-01-29 12:17:00+00:00,1.57,6
2018-01-30 02:30:00+00:00,2018-01-30 11:50:00+00:00,0,6
2018-01-31 02:26:00+00:00,2018-01-31 12:37:00+00:00,0,6.5
2018-02-01 03:30:00+00:00,2018-02-01 10:05:00+00:00,0.21,6
2018-02-02 02:28:00+00:00,2018-02-02 11:23:00+00:00,0,6.5
2018-02-03 06:41:00+00:00,2018-02-03 12:01:00+00:00,0,6
2018-02-04 07:35:00+00:00,2018-02-04 12:16:00+00:00,1.84,6
2018-02-05 01:56:00+00:00,2018-02-05 12:09:00+00:00,1.22,6
2018-02-06 02:20:00+00:00,2018-02-06 11:14:00+00:00,0,6.5
2018-02-07 02:28:00+00:00,2018-02-07 13:16:00+00:00,0,6.5
2018-02-08 02:34:00+00:00,2018-02-08 10:34:00+00:00,1.83,7
2018-02-09 03:30:00+00:00,2018-02-09 10:12:00+00:00,0,6.5
2018-02-10 05:38:00+00:00,2018-02-10 12:19:00+00:00,0,6.5
2018-02-11 07:25:00+00:00,2018-02-11 11:53:00+00:00,0.6,6
2018-02-12 02:27:00+00:00,2018-02-12 11:01:00+00:00,1.83,6.5
2018-02-13 02:35:00+00:00,2018-02-13 10:26:00+00:00,0,6.5
2018-02-14 03:29:00+00:00,2018-02-14 12:49:00+00:00,0,6.5
2018-02-15 01:26:00+00:00,2018-02-15 12:51:00+00:00,2.23,7.5
2018-02-16 03:35:00+00:00,2018-02-16 12:20:00+00:00,0,7.5
2018-02-17 06:39:00+00:00,2018-02-17 12:09:00+00:00,0,7
2018-02-18 07:24:00+00:00,2018-02-18 11:40:00+00:00,0,6.5
2018-02-19 01:57:00+00:00,2018-02-19 13:04:00+00:00,3.34,7.5
2018-02-20 03:31:00+00:00,2018-02-20 09:27:00+00:00,0,7.5
2018-02-21 02:27:00+00:00,2018-02-21 09:52:00+00:00,0,7
2018-02-22 02:44:00+00:00,2018-02-22 10:21:00+00:00,1.36,7.5
2018-02-23 02:20:00+00:00,2018-02-23 10:13:00+00:00,0,7.5
2018-02-24 06:27:00+00:00,2018-02-24 11:00:00+00:00,0,7
2018-02-25 03:26:00+00:00,2018-02-25 12:10:00+00:00,0,7
2018-02-26 02:15:00+00:00,2018-02-26 11:30:00+00:00,2.62,7.5
2018-02-27 02:16:00+00:00,2018-02-27 11:27:00+00:00,0,7.5
2018-02-28 03:29:00+00:00,2018-02-28 13:22:00+00:00,0,7.5
2018-03-01 01:59:00+00:00,2018-03-01 10:09:00+00:00,2.91,8
2018-03-02 02:33:00+00:00,2018-03-02 09:25:00+00:00,1.71,8
2018-03-03 05:27:00+00:00,2018-03-03 11:02:00+00:00,0,8
2018-03-04 06:37:00+00:00,2018-03-04 12:19:00+00:00,1.67,8
2018-03-05 03:18:00+00:00,2018-03-05 10:18:00+00:00,0.79,8
2018-03-06 03:37:00+00:00,2018-03-06 11:06:00+00:00,0,7.5
2018-03-07 07:29:00+00:00,2018-03-07 12:54:00+00:00,0,7.5
2018-03-08 01:55:00+00:00,2018-03-08 10:13:00+00:00,1.18,7.5
2018-03-09 03:42:00+00:00,2018-03-09 09:46:00+00:00,0,7.5
2018-03-10 03:37:00+00:00,2018-03-10 12:24:00+00:00,0,7.5
2018-03-11 01:04:00+00:00,2018-03-11 13:32:00+00:00,2.82,8.5
2018-03-12 00:23:00+00:00,2018-03-12 09:31:00+00:00,2.36,9
2018-03-13 02:33:00+00:00,2018-03-13 09:33:00+00:00,0,8.5
2018-03-14 01:32:00+00:00,2018-03-14 11:15:00+00:00,0,9
2018-03-15 01:30:00+00:00,2018-03-15 09:47:00+00:00,1.81,9
2018-03-16 02:34:00+00:00,2018-03-16 11:05:00+00:00,0,9
2018-03-17 05:36:00+00:00,2018-03-17 10:54:00+00:00,0,9
2018-03-18 05:35:00+00:00,2018-03-18 10:41:00+00:00,0,8.5
2018-03-19 00:38:00+00:00,2018-03-19 09:40:00+00:00,1.93,9
2018-03-20 02:34:00+00:00,2018-03-20 10:17:00+00:00,0,9
2018-03-21 02:32:00+00:00,2018-03-21 10:11:00+00:00,0,8.5
2018-03-22 01:49:00+00:00,2018-03-22 10:13:00+00:00,1.45,9
2018-03-23 02:25:00+00:00,2018-03-23 12:40:00+00:00,0,9
2018-03-24 04:22:00+00:00,2018-03-24 11:24:00+00:00,0,9
2018-03-25 04:40:00+00:00,2018-03-25 11:00:00+00:00,1.6,9
2018-03-26 01:48:00+00:00,2018-03-26 11:13:00+00:00,1.74,9.5
2018-03-27 02:28:00+00:00,2018-03-27 08:45:00+00:00,0,9
2018-03-28 02:20:00+00:00,2018-03-28 09:20:00+00:00,0,9
2018-03-29 01:33:00+00:00,2018-03-29 11:36:00+00:00,1.96,9.5
2018-03-30 06:24:00+00:00,2018-03-30 11:00:00+00:00,0,9
2018-03-31 04:37:00+00:00,2018-03-31 10:31:00+00:00,0,9
2018-04-01 06:27:00+00:00,2018-04-01 09:48:00+00:00,0,8.5
2018-04-02 02:06:00+00:00,2018-04-02 09:43:00+00:00,0.8,8.5
2018-04-03 01:26:00+00:00,2018-04-03 09:48:00+00:00,0,8.5
2018-04-04 01:30:00+00:00,2018-04-04 09:08:00+00:00,0,8
2018-04-05 01:19:00+00:00,2018-04-05 10:30:00+00:00,0.46,8.5
2018-04-06 02:35:00+00:00,2018-04-06 09:13:00+00:00,0,8
2018-04-07 02:24:00+00:00,2018-04-07 10:15:00+00:00,0,8
2018-04-08 02:30:00+00:00,2018-04-08 11:26:00+00:00,0,8
2018-04-09 00:38:00+00:00,2018-04-09 10:22:00+00:00,1.71,8.5
2018-04-09 23:56:00+00:00,2018-04-10 09:14:00+00:00,3.17,9.5
2018-04-11 02:34:00+00:00,2018-04-11 08:52:00+00:00,0,9
2018-04-12 00:35:00+00:00,2018-04-12 09:19:00+00:00,1.67,9.5
2018-04-13 01:38:00+00:00,2018-04-13 08:31:00+00:00,0,9
2018-04-14 06:25:00+00:00,2018-04-14 10:23:00+00:00,0,8.5
2018-04-15 06:45:00+00:00,2018-04-15 11:21:00+00:00,1.23,8.5
2018-04-16 00:48:00+00:00,2018-04-16 09:48:00+00:00,1.68,8.5
2018-04-17 01:40:00+00:00,2018-04-17 10:51:00+00:00,0,9
2018-04-18 02:21:00+00:00,2018-04-18 11:10:00+00:00,0,9
2018-04-19 00:37:00+00:00,2018-04-19 10:30:00+00:00,1.88,9.5
2018-04-20 01:38:00+00:00,2018-04-20 08:12:00+00:00,0,9
2018-04-21 04:22:00+00:00,2018-04-21 08:17:00+00:00,0,8.5
2018-04-22 02:28:00+00:00,2018-04-22 11:43:00+00:00,0,8.5
2018-04-23 02:18:00+00:00,2018-04-23 09:08:00+00:00,0.84,8.5
2018-04-24 01:37:00+00:00,2018-04-24 09:10:00+00:00,0,8.5
2018-04-25 02:13:00+00:00,2018-04-25 09:09:00+00:00,0,8.5
2018-04-26 00:40:00+00:00,2018-04-26 09:44:00+00:00,1.69,8.5
2018-04-27 02:31:00+00:00,2018-04-27 09:48:00+00:00,0,8.5
2018-04-28 04:37:00+00:00,2018-04-28 10:41:00+00:00,0,8.5
2018-04-29 04:30:00+00:00,2018-04-29 10:07:00+00:00,1.52,8
2018-04-30 01:00:00+00:00,2018-04-30 10:20:00+00:00,3.1,9
2018-05-01 02:26:00+00:00,2018-05-01 09:39:00+00:00,0,8.5
2018-05-02 00:24:00+00:00,2018-05-02 10:36:00+00:00,2.15,9
2018-05-03 00:56:00+00:00,2018-05-03 11:30:00+00:00,1.5,9.5
2018-05-04 02:28:00+00:00,2018-05-04 10:00:00+00:00,0,9.5
2018-05-05 06:31:00+00:00,2018-05-05 11:09:00+00:00,0,9
2018-05-06 05:30:00+00:00,2018-05-06 11:01:00+00:00,2.58,9
2018-05-07 02:29:00+00:00,2018-05-07 10:22:00+00:00,0.14,9
2018-05-08 01:32:00+00:00,2018-05-08 10:14:00+00:00,0,9
2018-05-09 01:40:00+00:00,2018-05-09 10:57:00+00:00,0,9.5
2018-05-10 00:58:00+00:00,2018-05-10 09:49:00+00:00,1.25,9.5
2018-05-11 01:22:00+00:00,2018-05-11 08:36:00+00:00,0,9.5
2018-05-12 06:29:00+00:00,2018-05-12 11:57:00+00:00,0,9
2018-05-13 05:31:00+00:00,2018-05-13 10:10:00+00:00,0.13,8.5
2018-05-14 01:18:00+00:00,2018-05-14 07:54:00+00:00,2.42,8.5
2018-05-15 01:38:00+00:00,2018-05-15 09:27:00+00:00,0,8.5
2018-05-16 02:03:00+00:00,2018-05-16 08:57:00+00:00,0.91,8.5
2018-05-17 01:07:00+00:00,2018-05-17 09:41:00+00:00,1,8.5
2018-05-18 02:32:00+00:00,2018-05-18 09:01:00+00:00,0,8.5
2018-05-19 02:22:00+00:00,2018-05-19 11:31:00+00:00,0,8.5
2018-05-20 04:31:00+00:00,2018-05-20 10:30:00+00:00,1.63,8.5
2018-05-21 01:16:00+00:00,2018-05-21 11:14:00+00:00,2.31,9
2018-05-22 02:33:00+00:00,2018-05-22 09:23:00+00:00,0,9
2018-05-23 02:21:00+00:00,2018-05-23 09:58:00+00:00,0,9
2018-05-24 00:58:00+00:00,2018-05-24 10:35:00+00:00,1.26,9
2018-05-25 01:22:00+00:00,2018-05-25 09:32:00+00:00,0,9
2018-05-26 04:37:00+00:00,2018-05-26 11:48:00+00:00,0,9
2018-05-27 05:27:00+00:00,2018-05-27 09:49:00+00:00,2.37,8.5
2018-05-28 00:59:00+00:00,2018-05-28 08:27:00+00:00,1.35,9
2018-05-29 02:26:00+00:00,2018-05-29 09:54:00+00:00,0,8.5
2018-05-30 01:32:00+00:00,2018-05-30 08:48:00+00:00,0,8.5
2018-05-31 00:18:00+00:00,2018-05-31 09:55:00+00:00,2.73,9
2018-06-01 02:28:00+00:00,2018-06-01 09:46:00+00:00,0,9
2018-06-02 06:28:00+00:00,2018-06-02 10:17:00+00:00,0,8.5
2018-06-03 01:37:00+00:00,2018-06-03 10:43:00+00:00,1.98,9
2018-06-04 00:40:00+00:00,2018-06-04 09:47:00+00:00,1.84,9
2018-06-05 01:29:00+00:00,2018-06-05 09:07:00+00:00,0,9
2018-06-06 02:27:00+00:00,2018-06-06 09:54:00+00:00,0,9
2018-06-07 01:40:00+00:00,2018-06-07 12:15:00+00:00,1.69,9.5
2018-06-08 01:27:00+00:00,2018-06-08 09:21:00+00:00,0,9.5
2018-06-09 04:32:00+00:00,2018-06-09 10:18:00+00:00,0,9
2018-06-10 05:38:00+00:00,2018-06-10 11:51:00+00:00,0,9
2018-06-11 00:37:00+00:00,2018-06-11 09:16:00+00:00,1.75,9
2018-06-12 02:28:00+00:00,2018-06-12 08:36:00+00:00,0,9
2018-06-13 02:33:00+00:00,2018-06-13 11:40:00+00:00,0,9
2018-06-14 01:35:00+00:00,2018-06-14 08:40:00+00:00,0,8.5
2018-06-15 01:36:00+00:00,2018-06-15 09:50:00+00:00,0,8.5
2018-06-16 06:40:00+00:00,2018-06-16 10:43:00+00:00,0,8
2018-06-17 05:25:00+00:00,2018-06-17 11:32:00+00:00,0.47,8
2018-06-18 00:47:00+00:00,2018-06-18 09:24:00+00:00,1.23,8
2018-06-19 01:18:00+00:00,2018-06-19 09:53:00+00:00,0,8
2018-06-20 02:25:00+00:00,2018-06-20 10:18:00+00:00,0,8
2018-06-21 00:13:00+00:00,2018-06-21 11:53:00+00:00,2.72,9
2018-06-22 02:27:00+00:00,2018-06-22 09:05:00+00:00,0,8.5
2018-06-23 04:26:00+00:00,2018-06-23 11:32:00+00:00,0,8.5
2018-06-24 06:32:00+00:00,2018-06-24 11:49:00+00:00,3.65,8.5
2018-06-25 01:34:00+00:00,2018-06-25 11:13:00+00:00,1.38,9
2018-06-26 01:31:00+00:00,2018-06-26 10:27:00+00:00,0,9
2018-06-27 02:29:00+00:00,2018-06-27 10:09:00+00:00,0,9
2018-06-28 02:24:00+00:00,2018-06-28 10:00:00+00:00,0,8.5
2018-06-29 02:31:00+00:00,2018-06-29 09:01:00+00:00,0,8.5
2018-06-30 04:20:00+00:00,2018-06-30 11:00:00+00:00,0,8
2018-07-01 05:37:00+00:00,2018-07-01 11:26:00+00:00,0.61,8
2018-07-02 05:26:00+00:00,2018-07-02 09:40:00+00:00,1.6,7.5
2018-07-03 02:32:00+00:00,2018-07-03 09:26:00+00:00,0,7.5
2018-07-04 01:29:00+00:00,2018-07-04 10:27:00+00:00,0,7.5
2018-07-05 01:54:00+00:00,2018-07-05 10:57:00+00:00,1.42,8
2018-07-06 02:38:00+00:00,2018-07-06 10:27:00+00:00,0,7.5
2018-07-07 06:33:00+00:00,2018-07-07 09:51:00+00:00,0,7
2018-07-08 02:18:00+00:00,2018-07-08 12:11:00+00:00,0.66,7.5
2018-07-09 00:32:00+00:00,2018-07-09 11:17:00+00:00,2.08,8
2018-07-10 02:28:00+00:00,2018-07-10 09:01:00+00:00,0,7.5
2018-07-11 01:32:00+00:00,2018-07-11 10:51:00+00:00,0,8
2018-07-12 00:35:00+00:00,2018-07-12 11:13:00+00:00,3.73,8.5
2018-07-13 02:33:00+00:00,2018-07-13 10:24:00+00:00,0,8.5
2018-07-14 06:27:00+00:00,2018-07-14 11:47:00+00:00,0,8
2018-07-15 05:38:00+00:00,2018-07-15 10:33:00+00:00,2.21,8
2018-07-16 01:32:00+00:00,2018-07-16 07:47:00+00:00,1.95,8
2018-07-17 01:22:00+00:00,2018-07-17 10:41:00+00:00,0,8
2018-07-18 01:30:00+00:00,2018-07-18 09:53:00+00:00,0,8
2018-07-19 00:20:00+00:00,2018-07-19 09:42:00+00:00,2.32,8.5
2018-07-20 02:25:00+00:00,2018-07-20 08:17:00+00:00,0,8
2018-07-21 06:32:00+00:00,2018-07-21 11:25:00+00:00,0,7.5
2018-07-22 01:06:00+00:00,2018-07-22 09:46:00+00:00,2.75,8
2018-07-23 01:32:00+00:00,2018-07-23 11:12:00+00:00,1.74,8.5
2018-07-24 01:36:00+00:00,2018-07-24 09:37:00+00:00,0,8.5
2018-07-25 01:35:00+00:00,2018-07-25 10:34:00+00:00,0,8.5
2018-07-26 01:03:00+00:00,2018-07-26 11:08:00+00:00,1.36,9
2018-07-27 02:35:00+00:00,2018-07-27 10:04:00+00:00,0,9
2018-07-28 04:24:00+00:00,2018-07-28 11:37:00+00:00,0,8.5
2018-07-29 05:37:00+00:00,2018-07-29 13:28:00+00:00,3.06,9
2018-07-30 00:46:00+00:00,2018-07-30 09:21:00+00:00,3.46,9.5
2018-07-31 05:29:00+00:00,2018-07-31 12:14:00+00:00,0,9
2018-08-01 02:32:00+00:00,2018-08-01 10:09:00+00:00,0,9
2018-08-02 01:23:00+00:00,2018-08-02 10:57:00+00:00,2.39,9.5
2018-08-03 02:36:00+00:00,2018-08-03 12:31:00+00:00,0,10
2018-08-04 04:32:00+00:00,2018-08-04 10:08:00+00:00,1.03,9.5
2018-08-05 06:28:00+00:00,2018-08-05 12:39:00+00:00,2.03,9.5
2018-08-06 06:29:00+00:00,2018-08-06 11:43:00+00:00,2.14,9.5
2018-08-07 02:27:00+00:00,2018-08-07 11:33:00+00:00,0,9.5
2018-08-08 06:29:00+00:00,2018-08-08 10:41:00+00:00,0,9
2018-08-09 01:21:00+00:00,2018-08-09 12:40:00+00:00,2.64,9.5
2018-08-10 05:36:00+00:00,2018-08-10 12:11:00+00:00,0,9.5
2018-08-11 04:21:00+00:00,2018-08-11 11:55:00+00:00,0,9.5
2018-08-12 06:34:00+00:00,2018-08-12 11:47:00+00:00,0,9
2018-08-13 01:48:00+00:00,2018-08-13 12:55:00+00:00,1.38,9.5
2018-08-14 05:32:00+00:00,2018-08-14 09:15:00+00:00,0,9
2018-08-15 02:24:00+00:00,2018-08-15 10:35:00+00:00,0,9
2018-08-16 01:28:00+00:00,2018-08-16 12:33:00+00:00,1.81,9.5
2018-08-17 05:22:00+00:00,2018-08-17 11:47:00+00:00,0,9
2018-08-18 05:27:00+00:00,2018-08-18 12:00:00+00:00,0,9
2018-08-19 04:23:00+00:00,2018-08-19 11:54:00+00:00,1.25,9
2018-08-20 01:47:00+00:00,2018-08-20 09:25:00+00:00,1.7,9
2018-08-21 01:25:00+00:00,2018-08-21 10:39:00+00:00,0,9
2018-08-22 02:38:00+00:00,2018-08-22 10:43:00+00:00,0,9
2018-08-23 02:09:00+00:00,2018-08-23 10:40:00+00:00,0.61,9
2018-08-24 01:19:00+00:00,2018-08-24 09:58:00+00:00,0,9
2018-08-25 04:25:00+00:00,2018-08-25 09:42:00+00:00,0,8.5
2018-08-26 04:30:00+00:00,2018-08-26 11:46:00+00:00,2.99,9
2018-08-27 01:57:00+00:00,2018-08-27 12:59:00+00:00,1.41,9.5
2018-08-28 02:38:00+00:00,2018-08-28 10:36:00+00:00,0,9.5
2018-08-29 02:31:00+00:00,2018-08-29 08:08:00+00:00,0,9
2018-08-29 23:59:00+00:00,2018-08-30 10:00:00+00:00,2.89,9.5
2018-08-31 02:34:00+00:00,2018-08-31 07:35:00+00:00,0,9
2018-09-01 05:27:00+00:00,2018-09-01 10:44:00+00:00,1.58,9
2018-09-02 04:25:00+00:00,2018-09-02 12:35:00+00:00,2.61,9.5
2018-09-03 04:32:00+00:00,2018-09-03 10:55:00+00:00,1.65,9.5
2018-09-04 01:27:00+00:00,2018-09-04 10:53:00+00:00,0,9.5
2018-09-05 01:38:00+00:00,2018-09-05 08:18:00+00:00,0,9
2018-09-06 00:14:00+00:00,2018-09-06 10:30:00+00:00,2.66,9.5
2018-09-07 02:24:00+00:00,2018-09-07 11:10:00+00:00,0,9.5
2018-09-08 06:30:00+00:00,2018-09-08 11:10:00+00:00,0,9.5
2018-09-09 04:38:00+00:00,2018-09-09 10:45:00+00:00,1.27,9
2018-09-10 01:36:00+00:00,2018-09-10 09:55:00+00:00,2.02,9.5
2018-09-11 01:28:00+00:00,2018-09-11 10:35:00+00:00,0,9.5
2018-09-12 02:19:00+00:00,2018-09-12 10:42:00+00:00,0,9.5
2018-09-13 01:26:00+00:00,2018-09-13 08:47:00+00:00,2.25,9.5
2018-09-14 02:26:00+00:00,2018-09-14 10:01:00+00:00,0,9.5
2018-09-15 06:29:00+00:00,2018-09-15 09:02:00+00:00,0,8.5
2018-09-16 02:36:00+00:00,2018-09-16 09:57:00+00:00,0,8.5
2018-09-17 02:03:00+00:00,2018-09-17 09:03:00+00:00,1.02,8.5
2018-09-18 02:32:00+00:00,2018-09-18 09:46:00+00:00,0,8.5
2018-09-19 01:29:00+00:00,2018-09-19 08:55:00+00:00,0,8
2018-09-20 02:18:00+00:00,2018-09-20 08:32:00+00:00,0.44,8
2018-09-21 02:23:00+00:00,2018-09-21 10:53:00+00:00,0,8
2018-09-22 02:28:00+00:00,2018-09-22 10:21:00+00:00,0,8
2018-09-23 01:18:00+00:00,2018-09-23 10:13:00+00:00,2.43,8
2018-09-24 00:56:00+00:00,2018-09-24 10:07:00+00:00,0.9,8.5
2018-09-25 02:32:00+00:00,2018-09-25 09:34:00+00:00,0,8
2018-09-26 02:35:00+00:00,2018-09-26 09:22:00+00:00,0,8
2018-09-27 01:51:00+00:00,2018-09-27 10:10:00+00:00,0.97,8
2018-09-28 02:28:00+00:00,2018-09-28 09:12:00+00:00,0,8
2018-09-29 04:28:00+00:00,2018-09-29 12:01:00+00:00,0,7.5
2018-09-30 06:21:00+00:00,2018-09-30 11:50:00+00:00,3,7.5
2018-10-01 01:54:00+00:00,2018-10-01 09:43:00+00:00,1.46,7.5
2018-10-02 02:25:00+00:00,2018-10-02 11:01:00+00:00,0,7.5
2018-10-03 02:29:00+00:00,2018-10-03 09:26:00+00:00,0,7.5
2018-10-04 00:43:00+00:00,2018-10-04 09:34:00+00:00,1.55,8
2018-10-05 02:28:00+00:00,2018-10-05 10:39:00+00:00,0,7.5
2018-10-06 04:41:00+00:00,2018-10-06 11:30:00+00:00,0,7.5
2018-10-07 05:25:00+00:00,2018-10-07 08:35:00+00:00,1.36,7
2018-10-08 01:56:00+00:00,2018-10-08 11:10:00+00:00,0.89,7
2018-10-09 01:32:00+00:00,2018-10-09 08:08:00+00:00,0,7
2018-10-10 01:25:00+00:00,2018-10-10 09:50:00+00:00,0,7
2018-10-11 01:36:00+00:00,2018-10-11 10:55:00+00:00,1.69,7
2018-10-12 01:24:00+00:00,2018-10-12 11:22:00+00:00,0,7.5
2018-10-13 06:26:00+00:00,2018-10-13 10:02:00+00:00,0,7
2018-10-14 02:27:00+00:00,2018-10-14 10:49:00+00:00,0,6.5
2018-10-15 00:41:00+00:00,2018-10-15 09:26:00+00:00,1.36,7
2018-10-16 01:29:00+00:00,2018-10-16 09:38:00+00:00,0,7
2018-10-17 01:38:00+00:00,2018-10-17 10:04:00+00:00,0,7
2018-10-18 01:51:00+00:00,2018-10-18 10:00:00+00:00,1.08,7
2018-10-19 01:29:00+00:00,2018-10-19 10:06:00+00:00,0,7
2018-10-20 04:31:00+00:00,2018-10-20 10:56:00+00:00,0,6.5
2018-10-21 06:18:00+00:00,2018-10-21 10:19:00+00:00,0,6
2018-10-22 00:34:00+00:00,2018-10-22 09:28:00+00:00,1.8,6.5
2018-10-23 02:30:00+00:00,2018-10-23 10:13:00+00:00,0,6.5
2018-10-24 02:37:00+00:00,2018-10-24 09:54:00+00:00,0,6
2018-10-25 01:44:00+00:00,2018-10-25 10:23:00+00:00,1.61,6.5
2018-10-26 01:34:00+00:00,2018-10-26 08:53:00+00:00,0,6
2018-10-27 06:42:00+00:00,2018-10-27 11:56:00+00:00,0,6
2018-10-28 01:35:00+00:00,2018-10-28 10:17:00+00:00,1.62,6
2018-10-29 01:36:00+00:00,2018-10-29 10:37:00+00:00,1.96,6.5
2018-10-30 02:30:00+00:00,2018-10-30 10:17:00+00:00,0,6
2018-10-31 02:37:00+00:00,2018-10-31 09:54:00+00:00,0,6
2018-11-01 01:53:00+00:00,2018-11-01 10:38:00+00:00,1.58,6.5
2018-11-02 02:43:00+00:00,2018-11-02 11:44:00+00:00,0,6.5
2018-11-03 06:24:00+00:00,2018-11-03 10:36:00+00:00,0,6
2018-11-04 07:29:00+00:00,2018-11-04 10:36:00+00:00,2.19,5.5
2018-11-05 02:11:00+00:00,2018-11-05 10:37:00+00:00,0.47,5.5
2018-11-06 02:29:00+00:00,2018-11-06 11:43:00+00:00,0,5.5
2018-11-07 03:20:00+00:00,2018-11-07 10:46:00+00:00,0,5.5
2018-11-08 02:01:00+00:00,2018-11-08 12:15:00+00:00,1.11,5.5
2018-11-09 02:36:00+00:00,2018-11-09 10:36:00+00:00,0,5.5
2018-11-10 05:31:00+00:00,2018-11-10 11:24:00+00:00,2.31,5.5
2018-11-11 05:29:00+00:00,2018-11-11 12:01:00+00:00,1.08,5.5
2018-11-12 07:38:00+00:00,2018-11-12 11:11:00+00:00,0,5
2018-11-13 02:31:00+00:00,2018-11-13 08:49:00+00:00,0,4.5
2018-11-14 03:33:00+00:00,2018-11-14 12:06:00+00:00,0,4.5
2018-11-15 02:33:00+00:00,2018-11-15 11:21:00+00:00,2.06,5
2018-11-16 02:23:00+00:00,2018-11-16 10:03:00+00:00,0,5
2018-11-17 03:27:00+00:00,2018-11-17 11:22:00+00:00,0,4.5
2018-11-18 02:12:00+00:00,2018-11-18 12:19:00+00:00,2.76,5.5
2018-11-19 02:49:00+00:00,2018-11-19 11:19:00+00:00,1.51,5.5
2018-11-20 03:33:00+00:00,2018-11-20 11:07:00+00:00,0,5.5
2018-11-21 03:43:00+00:00,2018-11-21 11:15:00+00:00,0,5
2018-11-22 01:13:00+00:00,2018-11-22 11:42:00+00:00,2.39,6
2018-11-23 03:37:00+00:00,2018-11-23 12:06:00+00:00,0,6
2018-11-24 07:33:00+00:00,2018-11-24 12:03:00+00:00,0,5.5
2018-11-25 07:28:00+00:00,2018-11-25 11:56:00+00:00,2.11,5
2018-11-26 02:38:00+00:00,2018-11-26 11:06:00+00:00,1.54,5.5
2018-11-27 02:21:00+00:00,2018-11-27 12:25:00+00:00,0,5.5
2018-11-28 03:28:00+00:00,2018-11-28 10:38:00+00:00,0,5.5
2018-11-29 02:05:00+00:00,2018-11-29 11:18:00+00:00,1.04,5.5
2018-11-30 03:29:00+00:00,2018-11-30 09:51:00+00:00,0,5
2018-12-01 06:29:00+00:00,2018-12-01 12:02:00+00:00,0,5
2018-12-02 07:25:00+00:00,2018-12-02 12:47:00+00:00,0,4.5
2018-12-03 01:17:00+00:00,2018-12-03 09:04:00+00:00,2.12,4.5
2018-12-04 02:25:00+00:00,2018-12-04 10:02:00+00:00,0,4.5
2018-12-05 03:22:00+00:00,2018-12-05 11:10:00+00:00,0,4.5
2018-12-06 01:43:00+00:00,2018-12-06 11:51:00+00:00,1.71,5
2018-12-07 03:41:00+00:00,2018-12-07 11:11:00+00:00,0,5
2018-12-08 06:31:00+00:00,2018-12-08 12:05:00+00:00,0,4.5
2018-12-09 05:36:00+00:00,2018-12-09 11:48:00+00:00,0.26,4
2018-12-10 02:38:00+00:00,2018-12-10 11:34:00+00:00,1.64,4.5
2018-12-11 03:28:00+00:00,2018-12-11 12:21:00+00:00,0,4.5
2018-12-12 02:34:00+00:00,2018-12-12 11:02:00+00:00,0,4.5
2018-12-13 02:02:00+00:00,2018-12-13 11:47:00+00:00,1.02,5
2018-12-14 03:28:00+00:00,2018-12-14 12:01:00+00:00,0,5
2018-12-15 07:28:00+00:00,2018-12-15 11:30:00+00:00,0.96,4.5
2018-12-16 06:43:00+00:00,2018-12-16 12:02:00+00:00,2.18,4
2018-12-17 02:54:00+00:00,2018-12-17 10:26:00+00:00,1.35,4.5
2018-12-18 03:35:00+00:00,2018-12-18 10:54:00+00:00,0,4
2018-12-19 02:35:00+00:00,2018-12-19 12:43:00+00:00,0,4.5
2018-12-20 01:17:00+00:00,2018-12-20 11:20:00+00:00,2.45,5
2018-12-21 02:30:00+00:00,2018-12-21 11:39:00+00:00,0,5
2018-12-22 05:35:00+00:00,2018-12-22 10:58:00+00:00,0,4.5
2018-12-23 07:25:00+00:00,2018-12-23 13:25:00+00:00,0,4
2018-12-24 01:48:00+00:00,2018-12-24 10:28:00+00:00,1.67,4.5
2018-12-25 07:29:00+00:00,2018-12-25 12:09:00+00:00,0,4
2018-12-26 03:43:00+00:00,2018-12-26 15:22:00+00:00,0,4.5
2018-12-27 07:39:00+00:00,2018-12-27 11:16:00+00:00,0,4
2018-12-28 07:24:00+00:00,2018-12-28 10:24:00+00:00,0,3
2018-12-29 03:34:00+00:00,2018-12-29 13:54:00+00:00,0,3.5
2018-12-30 02:17:00+00:00,2018-12-30 12:52:00+00:00,2.53,4
2018-12-31 02:01:00+00:00,2018-12-31 10:55:00+00:00,1.14,4.5
2019-01-01 05:26:00+00:00,2019-01-01 12:37:00+00:00,0,4
